Aamarus,Baccira,Cacia,D'Anza,E'luaz,Fadilah,Gaben,H'thana,Iadara,Jaafer,Kaarthiga,Lachere,Macaan,Nabril,Oalwa,Pacetor,Q'orianka,Rachna,Sabirine,Taarnahm,Uandras,Vadalma,Wace,Xactan,Yablik,Z'nyra
Aaminah,Bacola,Cada,D'Atra,Eadwine,Fadrinne,Gabirel,Hacathra,Iamar,Jaala,Kabak,Lachesis,Maddrell,Nadan,Oanna,Paddin,Qadria,Radarys,Sabra,Tabar,Ucobal,Vadania,Waelina,Xaemarra,Yacheetes,Zabadiah
Aanon,Badem,Cadell,D'Avonni,Eadyth,Faduma,Gaddis,Hadante,Iavunabus,Jaanu,Kabir,Lachman,Madelene,Nadenka,Oannes,Padriac,Qadriene,Radella,Sadebreth,Tace,Udalia,Vadarin,Waemerk,Xalana,Yadkin,Zabaid
Aarlen,Badon,Cadeltra,Daarina,Ealfhelm,Faedowin,Gaderian,Hadasha,Ibalida,Jabez,Kabrina,Ladion,Madenia,Nadya,Oathkeeper,Padrig,Qamrul,Radisson,Sadira,Tadita,Ugalius,Vadena,Waera,Xambria,Yagna,Zabrze
Abantees,Badria,Cadelyn,Dabir,Ealfwig,Faelar,Gadra,Hadden,Ibaymma,Jacek,Kacia,Laduni,Madhukar,Naek,Oathslayer,Paedra,Qantez,Raele,Sadomai,Tadrond,Uhashnak,Vadim,Walder,Xan,Yaimara,Zachan
Abaris,Baduv,Cadmar,Dace,Eames,Faellorn,Gaedynn,Hadem,Ibbett,Jacenelle,Kaddok,Laelithar,Mador,Naelex,Oathsmith,Paethiel,Qara,Raesdic,Sadric,Tadzi,Ulani,Vadusa,Waldra,Xandos,Yakin,Zacharia
Abasi,Baeron,Cadmus,Dacia,Eandroth,Faelon,Gaelle,Hadiya,Ibrech,Jacerryl,Kaden,Laera,Madrale,Naemriel,Obart,Pagmar,Qari,Raething,Sadryn,Taelin,Ulara,Vaelahr,Walen,Xanon,Yaksha,Zadkiel
Abblier,Bailey,Cadoc,Dacian,Earthbearer,Faerindyl,Gaera,Hadone,Ibron,Jacinda,Kadiresan,Laerdya,Madriel,Naergoth,Obella,Pagus,Qarto,Raevich,Saelyss,Taena,Ulastel,Vaellyn,Wallac,Xaphan,Yalena,Zadore
Abdel,Baiyen,Cador,Daecyn,Earynn,Faertala,Gaerel,Hadran,Icenas,Jacinth,Kadra,Laerico,Madrot,Naeron,Oberon,Pajon,Qasim,Raezil,Saerlg,Taenarus,Ulbrea,Vaishali,Walmac,Xaralien,Yamano,Zaghnal
Abelard,Bakutis,Cadry,Daedeline,Easan,Faervian,Gaetan,Hadria,Iceni,Jadhav,Kadrax,Laertes,Madsen,Naevan,Ocallian,Palamides,Qassam,Raf,Saeros,Taerl,Ulcey,Vaius,Walvis,Xaralyna,Yamidala,Zagros
Abelyra,Balaam,Cadwaller,Daedinnear,Eathe,Faeryl,Gafna,Hadrion,Icharyd,Jadrien,Kadyx,Laertilus,Madulara,Nafrayu,Ochdran,Palanetra,Qazi,Rafet,Saewald,Taeron,Ulcrun,Vakanga,Wampari,Xareni,Yammas,Zagya
Abeni,Baladi,Cadyr,Daeges,Ebra,Fafnir,Gagnon,Hadrothil,Icob,Jael,Kaelian,Laethis,Maelys,Nagada,Ocker,Paldeth,Qeteb,Raff,Safana,Taetra,Ulda,Vala,Warok,Xarilia,Yana,Zaharsian
Abergast,Balaena,Caecil,Daegus,Ebrigil,Fahad,Gaio,Haduma,Icoxiri,Jaelryn,Kaemon,Lahm,Maenala,Nagor,Ockert,Palenix,Qhuelon,Rafiq,Sagan,Taevius,Uliana,Valachan,Warrender,Xathos,Yanil,Zahra
Aberik,Balagarn,Caelia,Daellemar,Ebrin,Fahren,Gairlie,Haelus,Idaeus,Jaeron,Kaftan,Laianna,Maenalus,Nahele,Octienne,Paline,Qiana,Raggai,Sagara,Tafoya,Ulima,Valadiun,Warrick,Xavion,Yanto,Zahun
Abi,Balamaon,Caelkoth,Daelomiel,Ebrose,Failona,Gairwyn,Haeron,Idalmis,Jaezred,Kaggen,Lailah,Maera,Nahung,Octovene,Palinus,Qill,Raghad,Sagartus,Tagus,Ulinda,Valamyr,Wartle,Xaysana,Yaphyll,Zaida
Abira,Balchae,Caelum,Daelric,Ebulan,Faino,Gaitan,Haestra,Idania,Jafet,Kaharine,Lain,Maerlus,Naiara,Ocymos,Palitane,Qioni,Ragheela,Sagrell,Taise,Ulisa,Valarde,Washio,Xeeff,Yaqob,Zaintiraris
Abkii,Baldomero,Caenis,Daemar,Ecotana,Fairese,Gaius,Hafiza,Idrael,Jafra,Kahlan,Laira,Maeros,Naiat,Odach,Pallimir,Qipley,Ragna,Sahin,Takara,Ulkarien,Valas,Waspen,Xeerrnan,Yara,Zaira
Abramo,Baleth,Caerfom,Daeos,Ectorios,Faisal,Gaiyathri,Hagar,Idris,Jagan,Kaia,Laitannen,Maeus,Naida,Odanis,Pallonia,Qirecia,Ragnar,Sahriel,Talador,Ullin,Valathond,Waymar,Xemelenos,Yaras,Zaisho
Abran,Balian,Caerthann,Daeraelon,Ectya,Faitir,Gajanan,Hagni,Idros,Jagannath,Kaif,Laius,Maevattana,Naiden,Odemira,Palmyra,Qizhen,Ragon,Saida,Talara,Ulodius,Valda,Waynolt,Xenavee,Yardos,Zajar
Abrasax,Baliel,Caesin,Daereth,Ecub,Faizal,Gajendra,Hagrion,Idwa,Jagat,Kail,Lakesh,Maeve,Naila,Oderic,Palmys,Qoriana,Ragrath,Saigas,Talath,Ulorian,Valdel,Weilen,Xengsu,Yareli,Zajimarn
Abria,Balin,Cafal,Daeron,Edana,Falal,Galacito,Haida,Idwold,Jagdish,Kailen,Lakethrya,Maeve,Nailo,Odesseiron,Palossar,Quaaron,Raguel,Sajidah,Talaudrym,Ulrica,Valdemar,Welkirk,Xenia,Yarie,Zakath
Acamus,Balithan,Cafferty,Daersis,Edarion,Falana,Galadaster,Haider,Ifwin,Jagmohan,Kailiwyn,Lakshmi,Mafindel,Nain,Odevan,Panagaris,Quadara,Rahasia,Sakata,Taldor,Ulsan,Valdick,Wellura,Xeno,Yaril,Zakath
Achar,Balles,Caffery,Daerthane,Edelray,Falda,Galaeron,Haila,Igan,Jago,Kainne,Lalali,Magal,Naivasha,Odi,Panagiotis,Quadir,Raheem,Sakatha,Talea,Ulsena,Valdis,Welm,Xenous,Yaromira,Zakhara
Achates,Balmund,Cahil,Daetra,Edessa,Faldorn,Galambos,Haille,Igerdrazaar,Jagreth,Kairn,Lalasa,Magandar,Najera,Odiare,Pandarus,Quadri,Rahkali,Sakeris,Talelia,Ultan,Valdivia,Weltha,Xera,Yarthin,Zalar
Acknar,Balmundos,Cahmir,Daffron,Edina,Faldranafari,Galath,Hain,Ignac,Jahazeil,Kajal,Laleh,Magda,Najjar,Odma,Pandrasus,Quaiel,Rahmel,Sakima,Talghaz,Ultham,Valdoria,Wencen,Xerastos,Yarumal,Zald
Acrasia,Balochi,Cahulak,Dafna,Edlyn,Falean,Galaunnis,Haitea,Ignas,Jaheira,Kakabel,Lalit,Magellan,Nakar,Odo,Pandurima,Quaji,Rahni,Sakkrad,Talia,Ulutor,Valdosta,Wendamyr,Xerlyn,Yasheira,Zalios
Adabel,Balogh,Caia,Dagan,Edmael,Faleeta,Galbedir,Haizrul,Igraine,Jaia,Kalamos,Lallara,Magena,Nakase,Odric,Pangar,Qualdo,Rahu,Saladen,Talibor,Ulvenar,Valeda,Wendello,Xhosm,Yasmin,Zaliosta
Adah,Balok,Caid,Dagania,Edman,Falencia,Galbet,Hakan,Ikarthis,Jaka,Kalan,Lamalha,Magessa,Nalambar,Odriel,Pania,Qualic,Raia,Salar,Taliem,Ulwyck,Valeria,Wenden,Ximena,Yassam,Zallanora
Adalia,Balqis,Cailynn,Daggerford,Edmondstone,Falesya,Galdor,Hakima,Ikshada,Jakasen,Kalannar,Lamarra,Maginsa,Nalana,Odrovir,Panope,Quallem,Raidamos,Salasker,Talindra,Ulzana,Valeska,Weninda,Ximoara,Yattara,Zaltana
Adalon,Balyn,Caimael,Dagmar,Edmure,Falguni,Galeann,Haktla,Ilara,Jakaya,Kalavathi,Lammas,Magnil,Nalanda,Odvar,Pantelis,Quamara,Raina,Saldan,Talindurum,Umandiira,Valgon,Weniret,Xintian,Yavanna,Zaltec
Adalwulf,Bandor,Caiphas,Dagmer,Edohm,Faline,Galeno,Halabant,Ilba,Jakielan,Kaldair,Lamordia,Magnimar,Nalcaum,Odwald,Paphren,Quantoul,Rairun,Salders,Talira,Umbert,Valin,Wenna,Xioli,Yavari,Zalurit
Adamina,Banick,Cairinn,Dagorlad,Edolia,Falisa,Galenun,Halacan,Ilbratha,Jakome,Kaleen,Lamrith,Magog,Naldi,Ofaniel,Parallon,Quarlous,Raissa,Saleas,Tallin,Umedama,Valinda,Wenric,Xiomara,Yavil,Zalyna
Adamma,Banor,Calabaz,Dagory,Edrea,Falmari,Galgaliel,Halamana,Ileosa,Jakteth,Kaleth,Lanalia,Magorian,Nalebranc,Oflune,Pargus,Quarn,Raith,Saleet,Tallstag,Umicia,Valisa,Wenz,Xippus,Yavilana,Zamaran
Adamon,Banraun,Caladan,Dagos,Edric,Falor,Galia,Halandar,Iletra,Jalac,Kalevi,Landira,Maiana,Nalek,Ogden,Pari,Quathiel,Rajan,Salember,Talmariel,Umilatha,Valisteroi,Werrenir,Xithin,Yeanasha,Zambi
Adan,Banwell,Calandra,Dagrun,Edus,Falrinn,Galin,Halav,Ilfalas,Jalana,Kalia,Landon,Maira,Nalfeen,Ogeeyin,Paridon,Quatriea,Rajasta,Saleos,Talmen,Unallara,Valka,Wesla,Xiuyun,Yeddikadar,Zamithra
Adanja,Baphyra,Calantha,Dahad,Edusascar,Falun,Galina,Halbrinn,Ilges,Jalandra,Kaliesh,Laneren,Mais,Naliira,Oisin,Parilda,Quatril,Rajendra,Salep,Talo,Unanthee,Valle,Weslir,Xoana,Yefar,Zamran
Adar,Baradras,Calastian,Dahena,Efina,Falvel,Gallanti,Halburon,Iliphel,Jalar,Kalinda,Langarlia,Maiwen,Nalina,Ojiya,Parilius,Qudra,Rajni,Salia,Taloa,Unavoa,Vallyn,Weslyn,Xogah,Yefim,Zanabeth
Adarok,Baragu,Calathangas,Daigoro,Efnisien,Famal,Gallegos,Haldameer,Iljura,Jalecia,Kalisteroi,Lanier,Makhtar,Nalo,Okemah,Parissa,Qudsia,Rajula,Salik,Talonira,Undiok,Valmath,Wesnon,Xola,Yelentos,Zancan
Adath,Baram,Calathra,Dailan,Efyr,Famien,Gallyan,Halder,Illag,Jalek,Kallico,Lanipia,Makwinia,Nalri,Okolona,Parlamar,Quebez,Rakario,Salinese,Talthea,Unella,Valmaxian,Wessex,Xolondra,Yemishite,Zancudo
Adbul,Baraskur,Calaudra,Daimos,Egalion,Famulus,Galoa,Haldis,Illemis,Jaleryn,Kallos,Lanivel,Malaergost,Nalvyna,Oku,Parlan,Queda,Rakham,Salino,Taltra,Unelma,Valmay,Westan,Xondual,Yenda,Zandego
Addia,Barbiel,Calaurea,Dajauta,Egan,Fanaxan,Galogan,Halemont,Illian,Jalitana,Kalna,Lannilis,Malaga,Namarra,Olaana,Parnath,Quelidia,Raknor,Salish,Talus,Ungris,Valmung,Westernesse,Xonira,Yendari,Zandir
Adelard,Barbul,Calbraith,Dakara,Egest,Fandrice,Galros,Haleth,Illykur,Jalpa,Kalnarima,Lannion,Malarak,Names,Olamun,Paros,Quelnithna,Ralaal,Sallet,Talvelai,Ungulisar,Valnedra,Wethilion,Xornbane,Yenli,Zandra
Adelbern,Bardan,Calder,Dakena,Ehlissa,Fanette,Galstak,Halevi,Ilmari,Jalter,Kalouvos,Lannis,Malas,Namia,Olarcan,Parviz,Quelurrion,Ralda,Sallos,Tamar,Unhath,Valora,Weydan,Xorosia,Yervich,Zandranto
Adelhart,Bardun,Caldo,Dakiema,Eidolon,Fanitra,Galstian,Halian,Ilmaro,Jalun,Kalumba,Lannorius,Malavarax,Namtar,Olarius,Parwen,Quemma,Ralee,Salmissra,Tamaranth,Unnira,Valos,Wharifin,Xult,Yesgard,Zandris
Adeline,Bardwell,Caledus,Daksha,Einar,Fansalia,Galuk,Halig,Ilmeth,Jamala,Kalyana,Lanovick,Malbien,Nandana,Olbern,Parwen,Quennell,Ralien,Salus,Tamen,Unuvia,Valsparn,Wharnal,Xuri,Yeslick,Zanela
Adeliza,Baredena,Calekoth,Dalabrac,Eirone,Fanshaw,Galva,Halima,Ilmonish,Jamaya,Kalzir,Lanta,Malchor,Nandel,Oldenburg,Pasiphae,Querase,Ralmek,Saluster,Tamerlin,Uphrezza,Valtan,Whelm,Xyomara,Yesmina,Zanepar
Adelric,Barevont,Calence,Dalairis,Eiruvan,Fanya,Galvena,Halissta,Ilona,Jamila,Kalzuss,Lantana,Malchus,Nanelia,Oldoin,Pasithea,Quetralia,Ralna,Samander,Tamesis,Uradriel,Valthrax,Whenery,Xyrel,Yevari,Zanillo
Adena,Baridrel,Calendor,Dalana,Eisenfeldt,Faradun,Galya,Hallam,Ilunda,Jamina,Kamaria,Lantash,Maldirk,Nanith,Oldra,Pasko,Quetta,Raluca,Samara,Tamiel,Urai,Valton,Whipperdale,Xyvele,Yevena,Zanoska
Adhemar,Barin,Caleotte,Dalanis,Eizena,Faragoth,Gamaliel,Halldorr,Ilurende,Jamis,Kamay,Lanthorn,Maledictor,Nanne,Olenna,Pasqualina,Quezza,Raluca,Samarinda,Tamiir,Uraloria,Valygar,Whistledowm,Xzabria,Yevo,Zantus
Adin,Barlithian,Calesius,Dalarag,Ejnar,Farano,Gamalon,Hallet,Iluska,Janaldren,Kameni,Laolis,Maleia,Nantar,Olerijan,Passant,Quiana,Ralziman,Sambril,Tamika,Urathor,Vanada,Wicelind,Xzar,Yilan,Zaphresz
Adiran,Barlow,Calessio,Dalarie,Ekala,Faranos,Gamandril,Hallidite,Ilyssa,Janard,Kamesh,Larala,Malena,Nara,Olesya,Passolmo,Quiat,Ramila,Samedan,Tamus,Urawen,Vanarro,Wicklow,,Yinxner,Zara
Aditi,Barono,Caletor,Dalavai,Ekbir,Farazon,Gamar,Hallomen,Ilza,Jandar,Kamishala,Larelis,Malenti,Narana,Oleyn,Patana,Quicel,Ramir,Samhuth,Tamzin,Urbeth,Vandala,Widfrond,,Yiram,Zaranda
Adjantis,Barsena,Caliandros,Daleel,Ekkaia,Farbel,Gamia,Halloran,Imala,Janderys,Kanan,Lareth,Malergos,Narbon,Oliana,Pathania,Quicinna,Ramius,Samira,Tanadar,Urethani,Vandlo,Wiggo,,Yishana,Zarax
Adon,Barten,Caliastro,Dalend,Elaera,Fardis,Gamilus,Hallvor,Imare,Jandisten,Kandler,Larexis,Malgen,Narcis,Olica,Patrelia,Quiff,Ramllyn,Sammoc,Tanar,Urga,Vanendo,Wiiri,,Yitek,Zardon
Adora,Baruk,Califax,Dalene,Elaide,Farduk,Ganan,Halmir,Imas,Janeal,Kandrian,Larn,Malgreant,Nareen,Olin,Patrice,Quillee,Ramnath,Samock,Tandon,Urgaan,Vangal,Wilcannia,,Yitti,Zardra
Adrac,Barundar,Caligarde,Dalenna,Elana,Fargill,Gancentia,Halogil,Imayn,Janeva,Kanoi,Larogi,Malia,Naren,Olit,Patroclus,Quiller,Ramoran,Samos,Tandram,Urgathoa,Vanik,Wileen,,Ykkandri,Zared
Adramov,Barzula,Calin,Dalibor,Elandra,Fargoth,Ganderfal,Halonia,Imbolc,Jania,Kanok,Larraq,Malik,Narga,Oljatt,Paunoris,Quindrick,Ramshon,Sampsa,Tane,Urhun,Vanir,Wilek,,Yllgaine,Zargal
Adrestia,Bashal,Calinda,Dalicia,Elanee,Farhan,Gandolar,Halris,Imbros,Janick,Kanquan,Larsa,Malinaldra,Nari,Ollam,Pautho,Quingia,Ramudoi,Samuquan,Tanglebrook,Urkadi,Vanne,Wilian,,Ylvera,Zargos
Adrith,Basham,Calingnon,Dalimar,Elanett,Farhana,Gandosa,Halrond,Imia,Janiel,Kanya,Larushe,Malingo,Narile,Olliax,Pavana,Quinnol,Rana,Samzinna,Taniguar,Urlik,Vantur,Wilimac,,Ynloeth,Zaria
Adurant,Basilei,Calira,Dalinda,Elango,Fari,Ganece,Haltharad,Imladris,Jannali,Kanzaz,Lasala,Malith,Narim,Ollie,Pavla,Quinqrost,Ranabel,Sanat,Tanil,Urlingwood,Vanya,Wilkino,,Yohadric,Zarik
Aedon,Basona,Calisa,Dalis,Elangonel,Farica,Ganefo,Halueth,Immizel,Janos,Karafan,Lasha,Malkadres,Narishna,Ollin,Paynan,Quinta,Ranaea,Sandalphon,Tanith,Urreth,Vaphoron,Willa,,Yojana,Zarovun
Aedran,Basra,Calistria,Dalisa,Elara,Farid,Ganek,Haluk,Imoen,Janszoon,Karamvir,Lashela,Mallion,Narit,Ollusen,Pazia,Quintus,Ranazar,Sandata,Tannemen,Urthad,Varci,Willandra,,Yokesh,Zasheir
Aedwyn,Bassilus,Calitha,Daljeet,Elarenia,Farisa,Ganelle,Halvena,Imourad,Jantavia,Karathis,Lasko,Malloi,Narlen,Oloizia,Pazit,Quiona,Randerford,Sandirathue,Tanner,Urthan,Varen,Willona,,Yonago,Zauvirr
Aegean,Batreans,Callianassa,Daljinder,Elasha,Farnak,Ganelon,Halvord,Imrabeth,Janthra,Karbos,Lasla,Malnangar,Narma,Olostin,Pazruk,Quirante,Randhir,Sandor,Tannesen,Urthrax,Varick,Wilmarth,,Yonaz,Zava
Aegir,Bawdewyn,Calliel,Dallen,Elaxar,Farokh,Gannia,Hamatiel,Imraloen,Jantosa,Karel,Lasselia,Malneus,Narradel,Olphaunt,Pedeoras,Quiroz,Randil,Sandrine,Tano,Urulan,Varik,Wilnor,,Yoncalla,Zavalla
Aegon,Baxor,Callistus,Dalma,Elayen,Farraglen,Ganniele,Hamidreza,Imran,Jantzen,Karesh,Lassour,Malophoros,Narrandera,Oltin,Pelcian,Quiselyn,Ranec,Sandrue,Tanra,Urunthil,Varisia,Wilona,,Yorala,Zavor
Aelthas,Bayless,Callor,Dalmacio,Elazar,Farrand,Gannon,Hammerstone,Imrathan,Janvel,Karet,Laswell,Malouma,Narses,Olukon,Pelena,Quisia,Ranike,Sanesha,Tansaburon,Urvi,Varlae,Wiltrice,,Yorgos,Zaxim
Aelus,Bazullarith,Calse,Dalomo,Elbereth,Farrelyn,Gara,Hamoch,Imrian,Janwin,Kargat,Latha,Malric,Narsil,Olvan,Pelencia,Quiwan,Ranis,Sanidine,Tansand,Urzo,Varlo,Wilund,,Yormwell,Zazshan
Aembra,Beazor,Caltha,Dalon,Eldafire,Farshad,Garafena,Hamonah,Imruele,Janza,Karglain,Lathintel,Malthrox,Narvin,Olvori,Peleus,Qunix,Ranjaka,Sanir,Tanselle,Usati,Varra,Winesa,,Yornar,Zebavra
Aengrilor,Beckry,Calton,Dalren,Eldamar,Farzeen,Garami,Hanari,Imrunath,Jaolyn,Karis,Latonesh,Malto,Narya,Olwyn,Peliad,Qunli,Ranknid,Sanjana,Tanthea,Ushula,Varrakus,Winola,,Yoshara,Zebul
Aengus,Bedaidus,Calum,Dalshorn,Eldana,Faston,Garan,Hanburi,Imvanie,Japhet,Kariya,Latran,Malus,Naryn,Olwyn,Peliance,Quorash,Ranosa,Sanos,Tanzirk,Usiisha,Varuna,Wirddan,,Yosiro,Zebulon
Aerad,Bedal,Calurin,Dalsor,Eldath,Fathusa,Garaner,Hania,Imythedralen,Jaraznan,Karkus,Laudine,Malva,Nashala,Olya,Peliel,Quryn,Rao,Sanossen,Tapheon,Uskura,Varundil,Wirena,,Yosvani,Zedri
Aerandir,Bedarra,Calut,Dalston,Elden,Faulkas,Garano,Haniel,Inalee,Jardena,Karlene,Laueeda,Malveret,Nashira,Olynthos,Pelinshae,Qusagna,Rarik,Sansen,Tappho,Utaro,Varus,Wisla,,Yovela,Zefwyn
Aerell,Bedelda,Calvara,Daltan,Eldoard,Faun,Garcelle,Haniya,Inassco,Jarek,Karlirah,Laufey,Malygris,Nasis,Olys,Pell,Qutab,Rasha,Santosh,Taradale,Uther,Varyon,Wismey,,Yrian,Zeherah
Aergase,Bedlym,Calvert,Dalton,Eldonor,Faunce,Gardar,Hannalore,Inaya,Jarek,Karmandon,Laurelin,Mamutoi,Naspis,Olyvar,Pellana,Quyen,Rashaam,Sanziana,Taragarth,Uthmang,Vashaak,Wispar,,Yriden,Zel'va
Aerlson,Bedwyck,Calwyn,Dalva,Eldora,Favian,Gareles,Hannele,Indanath,Jargon,Karmuk,Lauzoril,Manaigh,Nasya,Oma,Pellanistra,Qwaila,Rashedralle,Sarad,Taran,Uthran,Vashay,Witan,,Yrkoon,Zelaya
Aerne,Bedwyr,Calydon,Dalvin,Eldoth,Favian,Garian,Hanner,Indilbar,Jariel,Karnitha,Lavado,Manakel,Natania,Omalen,Pellene,Qyaria,Rashess,Sarelle,Tarathi,Uthros,Vashti,Wizzo,,Ysfalla,Zeldara
Aeron,Begris,Calyr,Dalya,Eldred,Favio,Garick,Hanodel,Indira,Jarin,Karse,Lavarender,Manalena,Nathaira,Omareth,Pelles,Qyburn,Rasiem,Sareloth,Tarca,Uttara,Vasilek,Wogell,,Ysgrave,Zeldon
Aery,Begwynath,Camael,Dalymar,Eldrionna,Faxon,Garides,Hanrik,Indolf,Jaristan,Karth,Lavaryta,Manarr,Nathalos,Omarni,Pellia,,Rasirus,Sarenrae,Tardisite,Uvayn,Vasir,Wolgast,,Yshene,Zelfina
Aesir,Behjat,Camara,Dalyn,Elenda,Fayas,Garinda,Hansmer,Indre,Jarlath,Kartuhm,Lavinia,Mandisa,Nathie,Omavol,Pellinore,,Raskin,Sarevok,Tardold,Uvelas,Vathek,Wolsey,,Ysona,Zelgana
Aethelmure,Beirgis,Camden,Damali,Elentari,Fayina,Garion,Hanzelka,Indrele,Jarniman,Kasbeel,Laxdal,Mandon,Nathka,Ombert,Pellozel,,Raslam,Sargasso,Tareau,Uxwy,Vattana,Worch,,Yssarion,Zelimir
Aethen,Beiris,Caminda,Damara,Elenya,Fayralen,Garisa,Hara,Indrenna,Jarolim,Kaseir,Layla,Mandorallen,Nathlum,Ombrecht,Peloplan,,Rasmus,Sargne,Tareen,Uzair,Vaughak,Woulstina,,Ystan,Zelsea
Aether,Beketa,Camlo,Damashar,Elerald,Fazal,Garius,Haraduk,Induna,Jaromir,Kasha,Layne,Manduria,Nathode,Omeca,Peltak,,Rasmussen,Sarhedra,Targash,Uzamaer,Vaulkra,Wrettleneck,,Ythrial,Zelus
Aethicus,Belanie,Camulus,Damecos,Eleran,Fazeel,Garlon,Harath,Ineko,Jaroslav,Kashundra,Lazaemon,Maneira,Nathos,Omel,Penartha,,Rasour,Sariah,Tari,Uzan,Vauner,Wronsa,,Yubo,Zembrata
Aethrys,Belaquo,Cana,Damek,Elesea,Fazilsha,Garothrion,Hardingdale,Inessa,Jarren,Kasiya,Lazett,Manetho,Nathyn,Omiya,Pendron,,Rasp,Sariandi,Tariana,Uzaras,Vaurgal,Wulflac,,Yuelan,Zemio
Aethylla,Belarian,Candra,Damesca,Elexa,Fazlur,Garrick,Hardrada,Inga,Jarthon,Kasma,Lazok,Mangar,Nauch,Omkar,Penela,,Raspu,Sariolen,Tariel,Uzoka,Vechor,Wulfstan,,Yufel,Zemira
Agan,Beld,Candremi,Damia,Elgar,Feargus,Garrick,Hardwicke,Inglix,Jarvis,Kasporio,Le'for,Manida,Nauer,Ommer,Penella,,Rassamm,Sarisa,Tarion,Uzorga,Vedavathi,Wulgreth,,Yukita,Zemloth
Agaros,Beldon,Candrian,Damille,Elgroth,Feben,Garridan,Hareth,Inix,Jashem,Kassius,Leaina,Manil,Naulagak,Omnesta,Pengalen,,Rast,Sarkai,Tarita,Uzrivoy,Vedrana,Wuvok,,Yulash,Zemser
Agarth,Beledia,Canegoth,Damita,Elholyn,Feblone,Garron,Harghaz,Inok,Jasiri,Kastek,Leal,Manira,Nauthira,Omoc,Peniel,,Rastinon,Saroosh,Tarithi,Uzton,Veeranna,Wybrand,,Yuldarra,Zenaida
Agavni,Beledra,Cangana,Damodar,Eliam,Fedelia,Garvidala,Haringad,Inthaels,Jasmal,Kasuf,Leandra,Manjunath,Navassa,Omparkash,Pennian,,Ratana,Sarothi,Tark,Uzuma,Veeresh,Wyle,,Yuldra,Zenovia
Agdan,Belen,Cannaur,Danae,Eliana,Fega,Garwood,Harion,Inthia,Jasmere,Kataea,Lebarisini,Manodra,Naxos,Omraj,Penthea,,Rath,Sarpedon,Tarkus,Uzziel,Vegolerrus,Wylene,,Yunta,Zentris
Agentes,Beleriand,Canos,Danaka,Eligos,Feilin,Gauderis,Haristikyl,Intier,Jasper,Kataka,Lebrac,Mantari,Nayalita,Onalee,Pentheus,,Rathdaen,Sarshim,Tarlin,,Veinrich,Wyliath,,Yursil,Zentul
Aghairon,Beless,Cantaki,Danalakshmi,Elikana,Felegis,Gaukan,Harith,Intira,Jastra,Katania,Lectos,Mantaz,Naytha,Onali,Pentosha,,Rathena,Sartan,Tarmas,,Vejendra,Wyllan,,Yusbeg,Zepheria
Agika,Beleth,Cantoria,Danasha,Eliodoro,Felenas,Gaussra,Harkins,Invarri,Javan,Kathala,Leda,Manteceros,Nazara,Onalidan,Peragon,,Rathyron,Saryn,Tarn,,Vekdan,Wymez,,Yuvra,Zephon
Agios,Belfarg,Canzon,Danaus,Elioena,Felgie,Gaut,Harkspell,Inzuri,Jave,Katya,Leegora,Mantella,Nazeen,Onamia,Perdekop,,Ratis,Sashenka,Tarnesh,,Velamo,Wyndael,,Yuzo,Zephyrus
Agladan,Belgard,Capellanus,Danax,Eliomar,Felina,Gavaniel,Harlise,Ioakim,Javers,Kaupaer,Leena,Mantinea,Nazir,Onan,Perdix,,Ratofer,Saslith,Tarrick,,Velas,Wyndell,,Yvain,Zerdali
Aglarel,Belgos,Caperetto,Dancan,Eliora,Felizardo,Gavestia,Harmen,Ioelera,Javitz,Kaushal,Leetah,Manton,Nazralte,Onaris,Peregrine,,Rauchard,Sassandra,Tarshish,,Velasta,Wyndemere,,Yyn,Zerielle
Agneh,Belia,Caradas,Dancarlo,Elisi,Felmar,Gavina,Harnath,Iolana,Jaweau,Kauth,Leevoth,Manzoor,Nchaser,Onata,Perelandra,,Raum,Satada,Tarsoth,,Velbenda,Wynema,,,Zeris
Agraivin,Belice,Carados,Dancil,Elismir,Felnette,Gavra,Haroistem,Iolkos,Jayani,Kauvra,Legnar,Mara,Ndura,Ondath,Perestan,,Raumathar,Sathas,Tarthus,,Veleth,Wynton,,,Zernez
Agrivane,Belierin,Carasta,Dandera,Elissa,Felosia,Gavriel,Harrelin,Iomedae,Jayine,Kavala,Legodia,Maralah,Neaera,Ondi,Pergamino,,Raurgoch,Sathryon,Tarver,,Velgess,Wyshell,,,Zerqan
Ahazu,Belim,Carbos,Daneco,Elix,Felrose,Gavril,Harriset,Ionian,Jazael,Kavalech,Legyrd,Marallina,Neaira,Ondres,Periana,,Rauscher,Satinka,Tarvin,,Velia,Wystran,,,Zeulenroda
Ahora,Belina,Cardell,Danel,Elizain,Felssie,Gavroche,Harron,Ioniva,Jazene,Kavaris,Leinad,Marasa,Nealon,Ondro,Perigum,,Rauthgog,Sativola,Tasakos,,Veliira,Wyvernbane,,,Zevenaar
Ahrahl,Belionora,Cardolan,Danelek,Elizama,Felsur,Gaxx,Harrowdale,Iormas,Jazmyndeera,Kaveri,Leir,Marayn,Nebezial,Onesimos,Perimele,,Rauvin,Satna,Tasenka,,Velina,,,,Zevilda
Ahtye,Beliria,Cardosh,Danesh,Elizur,Felten,Gayathri,Harrower,Ipsissimo,Jedda,Kavi,Leldon,Marbas,Nebulon,Onesta,Periopis,,Rauwen,Saugli,Tashalar,,Vellamo,,,,Zevis
Ahziree,Belirias,Cargwig,Danford,Ellador,Femi,Gayatri,Harsk,Iraida,Jedrek,Kavindra,Leldon,Marcon,Neconda,Oneth,Perrin,,Ravana,Savagius,Tashluta,,Velmona,,,,Zezen
Aiba,Belisarius,Cariendar,Dania,Ellama,Fenan,Gayomar,Harsla,Iraldur,Jeffkin,Kaxazas,Lelex,Mardakine,Necrom,Onfei,Perrine,,Ravenar,Savak,Tasien,,Velodia,,,,Zhalimar
Aideh,Belisma,Carilla,Danifae,Ellard,Fendar,Gazra,Harthoan,Irashalee,Jefotta,Kaya,Lembree,Marden,Needra,Onnwal,Persimius,,Ravenna,Saveta,Tasina,,Velonar,,,,Zharbroah
Aidhrinn,Belita,Carnelian,Danira,Ellesmere,Fenella,Gedlee,Harton,Ireana,Jeggred,Kayann,Lemminkaen,Mardocles,Neelah,Onolath,Pervez,,Ravenswood,Savila,Tasmia,,Velorian,,,,Zharena
Ailsa,Beljura,Carniel,Dannodel,Elliriel,Fennicia,Gefroy,Hartwen,Ired,Jehoel,Kaydar,Lemnos,Mardon,Neelu,Ontas,Perzo,,Ravi,Savrian,Tasos,,Veltria,,,,Zhelluk
Aine,Beljuril,Carolio,Danomar,Ellister,Fennon,Gelaine,Harumaph,Irena,Jeibir,Kaylan,Lemuela,Marek,Neenal,Ontonkolos,Pesilda,,Ravienne,Savuri,Taston,,Velu,,,,Zheng
Ainmhi,Bellario,Carono,Danorah,Ellomar,Fensalir,Gelasia,Harwa,Irenicus,Jeirick,Kaylina,Lenaia,Marelda,Neeshka,Onudith,Peta,,Ravindra,Savvis,Tasya,,Veluna,,,,Zheol
Ainsley,Bellinus,Carrague,Danrick,Ellova,Fenuku,Gelebras,Harwin,Ireti,Jejoran,Kaylon,Lency,Marelle,Nefaratus,Onwig,Petra,,RaVirr,Sayarath,Tathrena,,Venable,,,,Zhevitoli
Ainsworth,Belmaid,Carrandra,Danton,Ellund,Fenwick,Gelion,Harzel,Iriaebor,Jelaba,Kazgaroth,Lendecia,Marga,Nefzen,Opacalia,Petridalla,,Rawlinswood,Sazaur,Tatyl,,Vence,,,,Zhukar
Airancourt,Belmara,Carshena,Danuvian,Elmara,Fenyra,Gellana,Hasana,Iridna,Jelena,Kazoan,Lenka,Margalo,Nehele,Ophala,Petrila,,Rawn,Sazevich,Tauni,,Vendella,,,,Zhumadian
Airlia,Belmina,Carston,Danvia,Elmarin,Feorus,Gelmir,Hashtur,Irion,Jelita,Kedrick,Lenodus,Marghaz,Neighton,Ophira,Petrine,,Rayada,Sazo,Tauren,,Vendrona,,,,Ziandela
Aisha,Belne,Cartavius,Danya,Elmorn,Feramuz,Gelphyne,Hasina,Irlinda,Jelline,Kedron,Lenser,Mariel,Neimic,Oplos,Petrus,,Rayek,Sazraen,Tauryon,,Venetia,,,,Ziddant
Aitana,Belonarra,Cartery,Daoine,Elna,Ferenzi,Gelsey,Hask,Irlos,Jelmira,Keelia,Lentac,Marikith,Neira,Oracena,Pevensey,,Rayma,Scadra,Tauz,,Venextos,,,,Ziddim
Ajira,Belor,Carteya,Dar'Tan,Elnam,Feride,Gelsomina,Haslima,Irmar,Jelondel,Keeomi,Lentheus,Marilis,Nekhera,Oralee,Phaedra,,Razak,Scaith,Taver,,Vengeancehammer,,,,Zielona
Akallabeth,Belphejur,Carth,Darad,Elnora,Ferik,Gelt,Hassia,Irolo,Jelthisis,Keerthana,Lenusya,Marinell,Nekode,Oralia,Phaelsil,,Raziel,Scathach,Tavia,,Vennt,,,,Zifta
Akedine,Belphessa,Carus,Darakan,Eloann,Ferinel,Gelya,Hastaria,Ironbeard,Jelvard,Keerthi,Leoben,Marisal,Neladia,Orana,Phaenna,,Recaldo,Sceona,Tavihr,,Ventimiglia,,,,Zilennora
Akela,Belpren,Carvel,Daramos,Elodan,Ferley,Gemel,Hastien,Ironguts,Jemin,Keeshala,Leodis,Mariska,Neligan,Orance,Phaere,,Redaamor,Schezalle,Tavira,,Ventinari,,,,Zilka
Akhir,Belsameth,Caryn,Daramulum,Elomar,Fernadel,Gemmala,Hatcher,Ironhand,Jemshev,Keeta,Leodres,Marissa,Nelin,Oranos,Phaerelastra,,Reddle,Schimia,Tavish,,Venya,,,,Zimbelman
Akienta,Belvani,Cashgaraal,Dardragon,Elondrus,Fernell,Gemshev,Hathrell,Irori,Jemson,Keethan,Leona,Mariun,Nelinderra,Orazond,Phaeress,,Redgleam,Schnai,Tavok,,Veovis,,,,Zimdilina
Akilah,Belvia,Cassella,Dareios,Elone,Ferol,Gendas,Hathyr,Irulana,Jemuel,Keffiya,Leops,Mariva,Nelithia,Orbakh,Phalaena,,Redoff,Schonnica,Tawana,,Vephar,,,,Zimiar
Akkabar,Belzken,Castalia,Dareza,Elora,Ferolino,Gennus,Hatiphas,Iruna,Jemus,Keflin,Leovel,Marjora,Nelmyne,Orban,Phalon,,Redothril,Schurron,Tayan,,Veran,,,,Zimnicea
Akkadian,Benante,Castellan,Dargent,Eloren,Feronia,Genora,Havea,Isalis,Jemyr,Kehl,Lerkara,Markala,Nelos,Orbert,Phamea,,Redwick,Sconn,Tayside,,Verbek,,,,Zinara
Akmir,Benedetto,Castianira,Darghin,Eloysia,Ferosario,Genos,Havelock,Isambard,Jenara,Kehria,Lerostav,Markeno,Nelrora,Orbi,Phana,,Reen,Scurlena,Tazadarus,,Verchema,,,,Zindelo
Akordia,Benelius,Castos,Dariane,Elpis,Feroz,Genotte,Hayaera,Isania,Jency,Kehur,Lesdin,Markley,Nelur,Orbus,Phanazir,,Reglar,Scyld,Tazian,,Verdant,,,,Zinder
Al-Asfan,Benelor,Cataria,Darice,Elqillar,Ferozali,Gent,Hayslip,Iseta,Jendrellian,Keiana,Leshem,Markos,Nelushia,Orcha,Phandal,,Regnalias,Scythia,Tchernavia,,Verdier,,,,Zinnik
Al-Asraad,Benesek,Catessa,Darielle,Elrana,Ferran,Genthore,Haythien,Isfrael,Jendrix,Kelandra,Lesot,Marl,Nelvine,Orcslayer,Phandalyn,,Rehman,Sczarni,Tebryn,,Vere,,,,Zinzerena
Al'lyrr,Bennon,Cathal,Darien,Elravien,Ferrandon,Genubath,Hazlan,Ishala,Jendy,Kelby,Lestus,Marley,Nelwen,Ordaz,Phandir,,Reia,Sealmyd,Tedithrulia,,Veremund,,,,Ziolen
Alabon,Bentan,Catharadomus,Darif,Elrod,Ferretti,Genvissa,Hazlik,Ishaporath,Jenea,Kelcey,Lesya,Marlona,Nemetsk,Orduna,Phandorl,,Rein,Seawine,Tefroy,,Veresa,,,,Zipacna
Alaghus,Benthen,Cather,Darkith,Elsara,Ferria,Georick,Hazzea,Ishkur,Jenessa,Kelda,Leszek,Marn,Neminda,Orelia,Phandrel,,Reipoc,Sebesken,Tegles,,Vergis,,,,Zipaquira
Alaine,Benuria,Cathera,Darkon,Eltherion,Fersaith,Geranco,Heavenstorm,Iskruel,Jenleigh,Keldorn,Lethene,Maros,Nemonanta,Orellana,Phane,,Reis,Sebrilas,Tegvan,,Vergos,,,,Ziradus
Alaka,Benwick,Cathria,Darless,Eltoora,Ferson,Gerberga,Hecceri,Ismenia,Jennery,Keldric,Letia,Marosanna,Nemoraga,Oren,Phanna,,Reissa,Secandra,Teiner,,Vernell,,,,Zita
Alakabon,Beorn,Caton,Darlessa,Elturel,Ferund,Geren,Hecella,Isoke,Jensin,Kelecia,Leticia,Marozia,Nemphre,Orenda,Phanokratos,,Reitan,Secarr,Tekar,,Vernt,,,,Ziv
Alamanther,Beornegar,Catraso,Darlithia,Elund,Fervira,Gerick,Hedef,Ispa,Jephson,Kelgore,Leuko,Marphisa,Nemuel,Orene,Phaon,,Rejath,Secca,Tekawai,,Veroc,,,,Zivaden
Alanar,Beornhelm,Catreus,Darmendra,Elwa,Feryn,Gerico,Hedin,Ispah,Jerak,Kells,Levana,Marrad,Nemuta,Orenzal,Pharasma,,Rekart,Secunda,Tekir,,Veronis,,,,Ziven
Alandaros,Bera,Catterick,Darnack,Elwynd,Ferzandra,Gerita,Hedrada,Ispam,Jerana,Kelma,Levant,Marreno,Neniele,Oresme,Pharaun,,Reldothor,Secus,Tekla,,Verovan,,,,Ziyad
Alandri,Berach,Catyr,Darota,Elyas,Festillard,Gernise,Hefiz,Ispasia,Jerandra,Kelmaran,Levas,Marstan,Nenjassik,Orestes,Pharaxes,,Reldresal,Sedalia,Teldeska,,Versher,,,,Zizi
Alanthos,Beramedes,Caughell,Darpan,Elzenia,Festo,Gero,Hegane,Isphet,Jeremos,Kelrath,Lharys,Martek,Nennius,Orethi,Pharazia,,Releth,Sedas,Telemachus,,Verthandi,,,,Zlatar
Alaoui,Beramos,Caulder,Darrana,Emathia,Fetizza,Gerona,Hegira,Israkahn,Jerene,Kelric,Lhorsteer,Marten,Nenya,Oreyn,Pharcellus,,Relio,Sedlirr,Telenna,,Vertros,,,,Zoblink
Alardine,Beran,Cavor,Darrett,Emberstoker,Fetrell,Gerrad,Heki,Issho,Jerenesa,Kelton,Lhurdas,Maruk,Neophytos,Orgnir,Phasmer,,Rella,Sedna,Telephus,,Verulia,,,,Zofia
Alarice,Beremere,Cazna,Darrow,Embian,Fetton,Gerrimar,Helande,Issini,Jereni,Kelzeck,Lhyl,Marune,Nepthas,Orgoth,Phedella,,Relonda,Sedris,Teleri,,Veshengo,,,,Zogno
Alarik,Berenike,Cean,Darsidian,Emeldir,Fexiana,Gerrit,Helbrea,Istelyn,Jeresian,Kemal,Lial,Marvos,Nerad,Orgouian,Phell,,Reluhartis,Seevis,Telette,,Veskalen,,,,Zohreh
Alasquae,Bergaine,Cebus,Darsis,Emera,Fharl,Gertern,Heldath,Istendrynn,Jeriah,Kembley,Liam,Marwyn,Nerence,Orhelm,Phena,,Relyn,Segai,Telkoun,,Vesryn,,,,Zola
Alasta,Bergelas,Cedalion,Darsson,Emiko,Fhely,Gervacio,Helebros,Istocios,Jeriele,Kemena,Liana,Maryla,Nerenne,Oriana,Phenalyn,,Remes,Segnan,Tellan,,Vessa,,,,Zolena
Alathar,Bergwulf,Ceese,Darsver,Emishar,Fhydris,Gervino,Helem,Istorenil,Jerika,Kemer,Liandra,Marzenia,Nereyda,Orianos,Phenica,,Remiel,Segori,Telnar,,Vestele,,,,Zolline
Alatos,Berin,Cegilune,Dartangana,Emlyn,Fiammetta,Gervorio,Helenor,Isvela,Jermax,Kemia,Liannet,Marzikoth,Nerissan,Oriantha,Phentrus,,Remmard,Segwardes,Telthi,,Veth,,,,Zollo
Alaunt,Berinna,Celad,Daruma,Emmech,Fideles,Gerwyn,Helera,Isztea,Jeroen,Kemis,Liefand,Masalinie,Nerith,Orice,Pherusa,,Remnil,Sehal,Telthona,,Vethis,,,,Zolphas
Alayne,Berronar,Celaeno,Darval,Emmott,Fidencio,Geryon,Helevorn,Ithan,Jerol,Kenah,Liemuai,Masheth,Nerliza,Oriel,Phigalia,,Remus,Seija,Temarkhos,,Vetra,,,,Zoltan
Alba,Berrun,Celcalab,Darvam,Emra,Fiera,Gesen,Heliodorus,Ithos,Jerrin,Kendrick,Liette,Maslow,Neron,Oriendram,Philana,,Remya,Seila,Temphyr,,Vetralia,,,,Zophas
Albion,Bersk,Celendra,Darvame,Emrick,Fildaris,Geshardi,Helira,Ithrylda,Jervois,Kene,Lilaea,Masocorro,Nerozel,Orifiel,Philetus,,Rena,Seipora,Tenali,,Vetrino,,,,Zoraida
Albraech,Bertrand,Celia,Darvel,Emundas,Filonia,Geshmark,Helkath,Ithuriel,Jesanta,Kenerald,Lilja,Masrin,Nerthus,Orishal,Philidya,,Renadra,Sekoe,Tencendor,,Vetrodarn,,,,Zorbo
Alcae,Berwyn,Celian,Darvian,Enayla,Filoteo,Gesholme,Helker,Itran,Jessiyah,Kenia,Lilka,Massah,Neshket,Orithyia,Philix,,Renalie,Selakiir,Tendell,,Veyk,,,,Zordral
Alcarondas,Besklen,Celima,Darvo,Enconeg,Filsane,Gesper,Hellem,Iubadan,Jestin,Kenitra,Liloa,Massiel,Nessus,Orizon,Philomela,,Renan,Selandra,Tenet,,Vhallain,,,,Zoreta
Alcira,Besleth,Celinda,Darwold,Endelia,Filton,Gessenia,Helliana,Ivalas,Jetamil,Kenley,Limeira,Massone,Nesta,Orla,Philos,,Renata,Selaro,Tengaia,,Vhol,,,,Zoretep
Alcolen,Besmal,Celinede,Darys,Endris,Filverius,Gest,Helmer,Ivelisse,Jevan,Kennewick,Lindellion,Mastema,Nestaria,Orland,Philytes,,Renattida,Selathian,Tenhwa,,Vhondryl,,,,Zoriah
Aldaron,Besnik,Celise,Darzal,Enelana,Fincoll,Getara,Helmlore,Iver,Jezzara,Kennos,Linea,Matarn,Nestor,Orlanthia,Phinne,,Rency,Sele,Tennes,,Vhurka,,,,Zorion
Aldea,Besyran,Celistian,Dasan,Enesstrene,Findlaire,Gethrad,Helt,Ivistra,Jhaamdath,Kenseph,Lingol,Matasha,Neteru,Orlen,Phiraz,,Rendell,Selemani,Tensharra,,Vhyridaan,,,,Zorita
Alder,Beszrima,Cellador,Dasara,Enevahr,Findlay,Getulio,Helthros,Ivoros,Jhalass,Kenthel,Linvail,Matej,Netherem,Orlenda,Phlogiston,,Rendig,Selenia,Tenshy,,Vialora,,,,Zorlus
Aldeth,Betanio,Cellarius,Dasselath,Enfries,Findocore,Geven,Heluna,Ixion,Jhaldrym,Kentira,Linxia,Mathaeyia,Netosa,Orlon,Phoe,,Rengarth,Selenice,Tenya,,Viana,,,,Zorratha
Alditha,Betharios,Cellwair,Dassio,Enger,Findolor,Gevona,Helvern,Ixxine,Jhangara,Kenver,Lionello,Matheus,Neuf,Orlpar,Phova,,Renkin,Selise,Tephen,,Vianne,,,,Zorya
Aldora,Betharra,Celon,Dastia,Enildo,Finius,Gevork,Helviane,Iyadur,Jhanki,Kenway,Liova,Mathura,Neurian,Ormond,Phydran,,Rennier,Seljuk,Terane,,Vidar,,,,Zosime
Aldred,Bethshan,Celosia,Datha,Enim,Finna,Ghaleb,Helystis,Iyarim,Jhanniss,Keoki,Lipenius,Matrell,Nevgiru,Ornora,Phyrzene,,Renwick,Sellasia,Terania,,Vidoka,,,,Zotikus
Aldrich,Bethurel,Celski,Dathan,Enion,Fintira,Ghaliss,Hemera,Iymrauth,Jhanon,Keolish,Liptrot,Matresa,Nevis,Ornska,Pianoro,,Renzel,Selmak,Terek,,Vidonia,,,,Zozzul
Aldros,Beticus,Celynnen,Datharian,Enlil,Fiona,Ghanta,Hendak,Izanagi,Jhansi,Keonna,Lirdinna,Matrika,Nevron,Ornulf,Pias,,Renzia,Selmiela,Terenia,,Vierto,,,,Zsanett
Aldwerth,Bevan,Celynvian,Datura,Enmeshe,Fiorella,Gharoghol,Hendon,Izaura,Jharineth,Kera,Lirienne,Matrim,Nevsa,Orontes,Piatra,,Reptar,Selmyra,Teresina,,Vignesh,,,,Zsasa
Aldwin,Bevene,Cemal,Daudir,Ennarea,Fiorwan,Ghassan,Hendrick,Izmur,Jharkor,Kereen,Lirin,Mattix,Newel,Orphrat,Pickthall,,Rerente,Selni,Teriaz,,Vikash,,,,Zsodosa
Aldym,Bhargava,Cemarest,Davarus,Ennea,Firdos,Ghastar,Henesh,Izrabal,Jhasina,Kerela,Liris,Maucmaugh,Neysa,Orrent,Pilmer,,Rescha,Selnor,Terlin,,Vikentios,,,,Zuanna
Aleana,Bhaudach,Cemble,Davina,Enollar,Firisara,Ghastkill,Heniel,Izragan,Jhaznos,Kerian,Lirisman,Maugrim,Neziel,Orsinian,Pilton,,Resh,Selthos,Termana,,Viksa,,,,Zubova
Alecto,Bhavana,Cemby,Davinder,Enor,Fitzie,Ghazal,Hent,Izzali,Jhelson,Keris,Liron,Maulesh,Nezin,Orsmonder,Pinadike,,Reshana,Selthris,Terndira,,Viktal,,,,Zuera
Aleda,Biago,Cemetra,Davion,Enthra,Flaenia,Ghazala,Hephis,,Jhessail,Kerney,Lisanne,Maulik,Nezram,Orsolya,Pio,,Reshard,Selvar,Terok,,Vilfort,,,,Zuheyr
Alekos,Bijaya,Cendran,Davius,Entian,Flameshadow,Ghed,Herben,,Jhezane,Kerning,Lischard,Maun,Nezreen,Orteas,Piramo,,Respen,Selvil,Terrick,,Villamor,,,,Zulaaria
Alemandra,Bildor,Cendrillon,Davlyn,Enuma,Flande,Gheina,Heredel,,Jhia,Keroles,Lisette,Mauncrah,Nezzar,Orten,Piroska,,Resurgam,Selwyn,Terrog,,Villanda,,,,Zulema
Alemanni,Billis,Cenedra,Davos,Enushara,Flarinda,Ghelspad,Heregan,,Jhirys,Kerraweth,Lisretha,Maungra,Nezzie,Ortnit,Pitarja,,Retta,Semele,Terrymont,,Villisca,,,,Zulkin
Alemhok,Bilrentheus,Cenen,Davros,Eormen,Flass,Ghemar,Herema,,Jhomar,Kerrin,Lissaph,Maurelle,Ngona,Ortonus,Pith,,Reut,Semka,Tershalin,,Vilmalla,,,,Zulma
Alene,Biltis,Cener,Daylen,Eowyna,Flaviano,Ghidant,Hereward,,Jhuma,Kerrinan,Lissath,Mauritian,Nhagruul,Orwae,Platon,,Revani,Semnai,Terthan,,Vilsar,,,,Zumbro
Alerena,Binalfa,Cenetra,Daymar,Ephesus,Flidais,Ghislain,Herise,,Jibran,Kerubiel,Lissilma,Mauton,Niah,Orwan,Pleavin,,Revianne,Semyaza,Tertia,,Vilvisurr,,,,Zumbrota
Aleria,Birrella,Cenis,Daynes,Ephiny,Flora,Ghissa,Hermokrates,,Jibrial,Keryvian,Listin,Mavelle,Niala,Oryssta,Plemena,,Rewen,Senas,Teryani,,Vilya,,,,Zuralion
Aleron,Bissane,Cennetta,Dcarius,Epim,Floradel,Ghizal,Herne,,Jicalyn,Kerzit,Lixato,Mavheran,Niall,Osbrun,Plexor,,Reylamina,Senath,Tesidus,,Vimala,,,,Zuri
Alessandra,Bisson,Cenobio,Deandra,Epimall,Florian,Gholamreza,Herodion,,Jienne,Keseri,Llan,Mavora,Niana,Osduin,Poch,,Reylene,Sendes,Teslith,,Vimalesh,,,,Zuriel
Alethra,Biviana,Cenodel,Dearborn,Epirus,Florian,Ghorak,Herrick,,Jiephen,Keshundra,Llanwyn,Mawen,Nibelongen,Osgar,Podarces,,Reylin,Senedana,Tessara,,Vinala,,,,Zurisatro
Aletta,Bizzait,Ceola,Deason,Epona,Florimell,Ghorus,Herron,,Jierdan,Keshyria,Llaulmyn,Maxpary,Nicaea,Osken,Poela,,Rezaur,Senelfin,Testaron,,Vinanti,,,,Zurishalen
Alexius,Bjornin,Ceonna,Deathurga,Epudoa,Floshin,Ghothmarn,Hertris,,Jilana,Kesia,Lledrith,Mayana,Nicandro,Ossam,Poiteran,,Rezdan,Sener,Tethbec,,Vindyne,,,,Zurn
Algania,Bladebiter,Cephas,Decanus,Erach,Flulia,Ghuantel,Herus,,Jilith,Kesley,Llendo,Mayela,Nicanor,Otava,Pokora,,Reznak,Senga,Tethema,,Vineetha,,,,Zurvan
Algol,Bladecrusher,Cephas,Decius,Eraste,Flydian,Ghulam,Herve,,Jilran,Kest,Llenim,Mayim,Nichoria,Otavalo,Polgara,,Rezron,Senia,Tetran,,Vinesh,,,,Zusta
Algorond,Bladud,Cepheus,Deckon,Erastil,Focar,Giandra,Herzl,,Jinan,Kesta,Llethwyn,Mayknoll,Nichoria,Othalon,Polira,,Rezwal,Senlis,Tevandel,,Vineya,,,,Zutho
Alhulak,Blaera,Ceralde,Declan,Erath,Foebinder,Giantbiter,Herzog,,Jindrich,Kester,Llolfaen,Mayla,Nidrich,Othel,Poliris,,Rhab,Senna,Thadine,,Vinjorak,,,,Zuwarah
Aliiza,Blamira,Ceratus,Deegie,Eravian,Folara,Gib,Hesketh,,Jinesh,Kester,Llonwyn,Maylee,Nidryn,Othilla,Pollus,,Rhadamanthus,Senold,Thaecia,,Vinoth,,,,Zuzela
Alina,Blane,Cerelia,Deepali,Erawn,Folcoerr,Gicela,Hessa,,Jingasa,Keteel,Lloros,Mayllen,Nienna,Othmok,Pontek,,Rhaella,Seoni,Thaemedra,,Vinsala,,,,Zvalana
Alinnos,Blangan,Cerelias,Deepanshu,Eremal,Folkshield,Giddel,Hesturiel,,Jinorus,Kethemar,Llyrbele,Maynardo,Nifai,Othon,Pontelis,,Rhaenys,Seorlam,Thaine,,Vinson,,,,Zvolen
Aliosandra,Blanton,Cerenna,Deetra,Eren,Folmoric,Gidrondell,Hetar,,Jiraz,Kethin,Llyrgryf,Maynor,Nihmedu,Othralen,Poraphia,,Rhaessa,Sephrio,Thainstone,,Vintanique,,,,Zvornik
Alioth,Blazanar,Cergos,Defnas,Erendira,Foluso,Gien,Hetha,,Jirina,Ketka,Llyris,Mayoka,Niimad,Othrambul,Poratha,,Rhaetia,Sepur,Thairon,,Vinuh,,,,Zyla
Aliphane,Bleddis,Cerigo,Degaan,Erene,Folvys,Giffel,Hetten,,Jirlesa,Ketmos,Loaun,Mazdak,Nikos,Othrantar,Porek,,Rhagos,Serabel,Thais,,Vinutha,,,,Zylik
Alisen,Bleis,Cerlito,Deianira,Erenia,Fonya,Gifre,Hezass,,Jiro,Ketta,Lobee,Mazhar,Nilah,Othras,Porosa,,Rhaissa,Serala,Thalamai,,Virago,,,,Zylphan
Alissia,Blesilda,Cernum,Deidamia,EressÎ´a,Forak,Gihan,Hiatea,,Jisan,Keurig,Locrinia,Mealiden,Nilchos,Othreier,Porpherio,,Rhamneth,Seralath,Thalantyr,,Virak,,,,Zymot
Alita,Blonia,Cernus,Deikov,Ergoth,Foriana,Gilacio,Hiatel,,Jixy,Kevaara,Loddellas,Meandarra,Nileno,Othrys,Porris,,Rhana,Seran,Thalassa,,Virduk,,,,Zyn
Alkindus,Bloodbeard,Ceros,Deilzenar,Eri,Forice,Gilada,Hicetaon,,Jiya,Kevalben,Loella,Meara,Nillen,Otiluke,Poseides,,Rhangnoble,Seranon,Thalassius,,Vire,,,,Zynovia
Allard,Bloodsworn,Cerrick,Deimas,Eriad,Foriloth,Gilda,Hiddukle,,Joab,Kevaris,Lofton,Mearl,Nimah,Oton,Postle,,Rharda,Seraphiel,Thalaver,,Virendra,,,,Zyra
Allister,Blopono,Cerridwen,Deira,Erichthonius,Forshunna,Gildan,Hidon,,Joachim,Keveena,Logara,Mebestien,Nimar,Otoniel,Poulomi,,Rhaun,Seregorm,Thaldorn,,Virese,,,,Zyradow
Allon,Blubara,Certes,Dejai,Eridania,Forstid,Gileslia,Hierophant,,Joakeel,Kevern,Logesh,Medar,Nimath,Otonkolos,Powell,,Rhecan,Sereja,Thaleem,,Viridia,,,,Zyrine
Almar,Blundyth,Cervando,Dejana,Eridis,Foryn,Giliean,Hildor,,Joalan,Keyon,Lohar,Medardo,Nimicri,Otran,Praethec,,Rhedrian,Serenio,Thaler,,Virlyn,,,,Zyrus
Almathea,Boaz,Cervelio,Dekeldric,Erion,Fostengar,Gilila,Hildron,,Joales,Kezaf,Loimeriea,Medegian,Nimro,Otruki,Prakla,,Rheidarn,Seret,Thalered,,Virman,,,,Zywick
Almere,Bodari,Cesta,Deketra,Eris,Fournier,Gilim,Hilfred,,Jobert,Keziah,Lokanath,Medgar,Nimue,Ouasus,Prasanna,,Rhellmar,Serian,Thalia,,Viroj,,,,
Almira,Boderill,Cestrella,Dekovan,Erisan,Fraktar,Giller,Hillark,,Jobin,Kezmya,Lokand,Medhavi,Nimziki,Oulam,Praveen,,Rhen,Seritram,Thalion,,Virtos,,,,
Almor,Bodog,Cesya,Delagoth,Erith,Frangi,Gillot,Hillel,,Jocasta,Khaalis,Lokasenna,Mediocros,Ninaka,Owaenvan,Praxides,,Rhewani,Serpin,Thalisa,,Visasser,,,,
Almund,Bodorian,Cetheres,Delain,Erla,Frantisek,Gilmar,Himaya,,Jocel,Khabir,Lokeren,Medwick,Ninsun,Owaiglyn,Preawyn,,Rhiad,Serria,Thallonia,,Vishal,,,,
Alodia,Bogdan,Cethrassir,Delamico,Erlen,Frantresca,Gilmere,Hinnar,,Jochebed,Khadar,Lokesh,Medwyn,Niobe,Ozair,Premal,,Rhialle,Seshay,Thalos,,Vishnoor,,,,
Alokair,Boldbeard,Cethric,Delana,Erobia,Franulfo,Gilnith,Hiroen,,Joconan,Khadiga,Loliondo,Meekatharra,Niol,Ozangere,Prentis,,Rhin,Sessibi,Thamin,,Vistethan,,,,
Aloni,Boldblade,Cethry,Delarin,Erolondra,Franzel,Gilnor,Hitaf,,Jodelle,Khadira,Lolis,Meenakshi,Niord,Ozden,Preschard,,Rhistiel,Setara,Thammuz,,Viszlo,,,,
Aloniira,Bolgreth,Ceto,Delcer,Erranil,Franziska,Giloch,Hiyal,,Joelen,Khalas,Lollyra,Meerswal,Nircyn,Ozeliane,Presho,,Rhode,Setareh,Thana,,Vita,,,,
Alonth,Bolide,Cevil,Delcine,Errasa,Frathess,Gilola,Hizdahr,,Jofflin,Khalid,Lolthalia,Megara,Nirdanath,Ozelina,Prespa,,Rhodelyn,Seterlu,Thandell,,Vithal,,,,
Aloraea,Bollard,Cevrus,Deldiira,Erridon,Frea,Gilpin,Hleran,,Jogendra,Khalk,Lombro,Mehak,Niree,Ozella,Pressford,,Rhomali,Sethor,Thandra,,Vithia,,,,
Alotrix,Bolnor,Cezria,Delek,Erta,Frebec,Gilvan,Hoardebreaker,,Johab,Khalli,Lomela,Mehmen,Nirinath,Oziel,Preston,,Rhonwen,Sethra,Thanelen,,Vithyra,,,,
Aloufin,Bomar,Chadalston,Delena,Eruadan,Frebelle,Gilyan,Hoarmar,,Johan,Khamet,Lomys,Meiana,Nirresh,Oznak,Previn,,Rhose,Setkoth,Thangar,,Vitigar,,,,
Alovandre,Bopha,Chadra,Delfric,Erythos,Fredegar,Gimona,Hobarth,,Johara,Khamsa,Lonaz,Meilum,Nishad,Ozro,Prexa,,Rhosher,Setter,Thangardt,,Vitonni,,,,
Alpheus,Borean,Chadzina,Delian,Esadoa,Frelan,Gimra,Hoel,,Joharran,Khantal,Lorach,Meinedd,Nishrek,Ozura,Priam,,Rhovan,Severin,Thanowayn,,Vitroin,,,,
Alphor,Boreas,Chaitra,Delio,Esbelle,Frenn,Ginafae,Hofflan,,Johen,Kharakhan,Loralla,Meir,Nishta,,Prismal,,Rhudlyn,Seyda,Thantul,,Vittal,,,,
Alrette,Boretha,Chaitram,Delitha,Escator,Frerek,Ginda,Hogarth,,Johiro,Kharkon,Loran,Mekalah,Nisroc,,Proctiv,,Rhunir,Sezela,Thaodus,,Vivek,,,,
Alrus,Borgamot,Chakos,Deliz,Esdrecus,Freward,Gindrala,Hogni,,Johorran,Khasso,Lorbal,Melana,Nitara,,Proctor,,Rhyn,Seznec,Thar,,Vix,,,,
Alsinnara,Borgul,Chalavar,Delizan,Esheen,Freynold,Ginesa,Holdat,,Joia,Khazar,Lorellan,Melando,Nithanalor,,Proehn,,Rial,Shaartael,Tharadodus,,Vizemod,,,,
Alsta,Borias,Chalcie,Delja,Eshka,Frikhesp,Ginitiis,Holgen,,Joinville,Khelan,Lorelle,Melanio,Nithian,,Protik,,Riathenor,Shadelsin,Tharag,,Vladislav,,,,
Altair,Borich,Chaldean,Della,Eshmun,Frisk,Ginzari,Holleb,,Jolan,Kheless,Lorent,Melantha,Nithryon,,Prydwen,,Riativan,Shadworth,Tharaxus,,Vladlan,,,,
Altani,Borneheld,Chaldir,Dellora,Eshunir,Frocyn,Gioan,Holloway,,Jolanta,Khelgar,Loriell,Melanthus,Nitocris,,Pteryces,,Riawin,Shaeroon,Tharessi,,Vluth,,,,
Althea,Boroleas,Chalen,Dellyn,Esklad,Froisson,Giora,Hollyn,,Jolinar,Khemed,Lorik,Melarn,Nitosha,,Puchan,,Riddledancer,Shahpesh,Thargelia,,Vodera,,,,
Altier,Boromar,Chaleta,Delmac,Esme,Froma,Gios,Holn,,Jolivette,Khendar,Lorinar,Melastirth,Nitrilla,,Puchezma,,Riderich,Shair,Tharsis,,Vogard,,,,
Aluriel,Borri,Chalfauna,Delmario,Esmeralle,Frostdale,Gira,Holnbe,,Jolus,Khepira,Lorinda,Melcer,Nitsa,,Pumster,,Ridnir,Shaishach,Thasean,,Voggu,,,,
Alurius,Borwyn,Chalina,Delmas,Esolva,Frotak,Giraldus,Holt,,Jomara,Kherris,Lorl'vana,Melchor,Nivaldo,,Purgali,,Ridwan,Shakl,Thauglor,,Vohalath,,,,
Alussa,Bosero,Chalon,Delmer,Esrom,Fuamach,Giran,Holte,,Jomel,Khina,Lormac,Melcia,Nivetha,,Pursglove,,Rielle,Shakran,Thaugrion,,Voiana,,,,
Alya,Bozen,Chalono,Delmira,Essembra,Fulvia,Giravayne,Homsher,,Jomond,Khinjarsi,Lormyr,Melcyn,Nivio,,Purta,,Riertus,Shakziel,Thaviel,,Voldar,,,,
Alyn,Bracken,Chalt,Delmis,Essyon,Fulvio,Girdhari,Hopelorn,,Jomyr,Kholl,Lorna,Meldanen,Nixida,,Pycelle,,Rietta,Shala,Thaxter,,Volene,,,,
Amadee,Brackley,Chalyik,Deloma,Estirdalin,Fumi,Giris,Hordak,,Jondenn,Khondlo,Lortz,Meldon,Nixio,,Pylia,,Riffrin,Shalara,Thaylinn,,Voleta,,,,
Amado,Bracton,Chamada,Delondra,Eston,Funjega,Girkar,Horgar,,Jonell,Khrazz,Lorus,Meldrick,Nizana,,Pylindra,,Rig,Shalarein,Thazal,,Volfango,,,,
Amael,Brae,Chamyel,Delora,Estoril,Furst,Girleen,Horiel,,Jonsa,Khushal,Losadunai,Melea,Nizar,,Pylos,,Rigauld,Shaldrissa,Theah,,Volga,,,,
Amain,Braegen,Chandan,Delos,Eswin,Fuxina,Gisel,Horizakaul,,Jonwine,Ki'thay,Loscan,Meleager,Njorn,,Pyras,,Rigel,Shallan,Thedaric,,Volian,,,,
Amalas,Braelly,Chandar,Delosar,Etain,Fynolt,Gisette,Horvath,,Jopesk,Kiamet,Lotan,Melech,Noanar,,Pyrma,,Rigo,Shalush,Thelanar,,Volker,,,,
Amalina,Braethri,Chandira,Delphine,Etair,Fynwick,Gitendra,Hostig,,Jophiel,Kiana,Lotha,Melegaunt,Nobruzzal,,Pyrrhus,,Rikka,Shamio,Thelas,,Volkos,,,,
Amalith,Brage,Chanesta,Delquiff,Etanne,Fyren,Githan,Hoswig,,Joplaya,Kiath,Lothair,Meleghost,Nogano,,Pyrus,,Riktal,Shamud,Theleb,,Volney,,,,
Amara,Bragi,Chania,Delryn,Etelle,Fyrose,Givlich,Howes,,Jopson,Kibbul,Lothalia,Melek,Nokele,,Pyxwell,,Rilani,Shandaril,Thelgood,,Volrath,,,,
Amarei,Brakana,Chanista,Delsenia,Ethasi,,Givos,Howland,,Jora,Kidaria,Lothriel,Melesca,Nolana,,,,Rile,Shangalar,Thelle,,Voltruno,,,,
Amblecrown,Bralas,Chanon,Delsenora,Ethemian,,Givyn,Hraedin,,Jorah,Kideera,Lotis,Melgazar,Noldor,,,,Rilindo,Shanived,Thelonn,,Voluris,,,,
Ambriel,Bramly,Chansobal,Delsin,Ethendard,,Gizzida,Hreid,,Jorgan,Kidira,Lotulis,Melia,Noleta,,,,Rillifane,Shanton,Themistoklea,,Volute,,,,
Ambros,Bramwell,Chaona,Delton,Ethennian,,Gjerrea,Hrisskar,,Jorica,Kidona,Lourine,Melina,Nolimer,,,,Rilvayn,Shanya,Themrin,,Vonna,,,,
Amelita,Branchala,Charasel,Deltric,Ethina,,Glaemril,Hrordis,,Jorielle,Kieondra,Loutre,Melindrea,Nolith,,,,Rimardo,Shar-Teel,Thena,,Vonshay,,,,
Amerine,Branda,Charcemish,Delvert,Ethra,,Glaenara,Huber,,Jorin,Kier,Lovanna,Melinshae,Nollix,,,,Rimhel,Shara,Thendara,,Vonzetta,,,,
Ameskane,Brandach,Chardalyn,Delza,Ethram,,Glaeros,Hukir,,Jorlan,Kieran,Lovita,Melisenda,Nolvia,,,,Rimnir,Sharanda,Thendrik,,Voonek,,,,
Amfast,Brannagh,Chardot,Delzon,Etienne,,Glafira,Hukra,,Jorma,Kierson,Loxar,Melishander,Nolzur,,,,Rimrus,Shargam,Thenemon,,Vorash,,,,
Amir,Branwen,Chardun,Delzoun,Ettana,,Glaicas,Hulen,,Jorrell,Kiftal,Loyce,Melista,Nomia,,,,Riolona,Shari,Thennaley,,Vordriga,,,,
Amistain,Brasidas,Charien,Delzy,Eunorites,,Glaisa,Hull,,Jortheyn,Kiira,Lucasta,Melitain,Nomita,,,,Riona,Sharlee,Thenol,,Vorgaad,,,,
Amodun,Brastias,Charlena,Demaris,Eussilia,,Glandar,Humfrid,,Jorum,Kijafa,Lucira,Melito,Nona,,,,Risaan,Sharliss,Thensen,,Vori,,,,
Amoret,Brastias,Charoli,Demelza,Euteles,,Glanvill,Hummel,,Jory,Kilara,Ludisa,Melkonis,Nondus,,,,Risberg,Sharmana,Thensil,,Vorla,,,,
Amorian,Brattigan,Charreen,Demeres,Evaelathil,,Glanvyl,Hunor,,Jorzoon,Kildeen,Ludru,Mellasel,Nonetta,,,,Rismin,Sharwyn,Theodolite,,Vorlino,,,,
Ampelio,Braxious,Charva,Demetria,Evailos,,Glareh,Hunosel,,Joseran,Kilimur,Luena,Mellifleur,Nonnach,,,,Ristlos,Shaster,Theodulus,,Vorlix,,,,
Amphissa,Brecie,Charys,Demian,Evaine,,Glasya,Huoyan,,Josian,Killian,Lugal,Melmoth,Noora,,,,Riston,Shattados,Theogenis,,Vorm,,,,
Amprei,Bredda,Chasca,Demianete,Evaleen,,Glaumros,Hurgo,,Jotham,Kimora,Lugardo,Melora,Nooriyah,,,,Risvetti,Shaumak,Theon,,Vornath,,,,
Amra,Breid,Chasesk,Demirhan,Evalla,,Glaurach,Huriza,,Jovar,Kimserg,Lugena,Melosha,Norcia,,,,Ritchel,Shaya,Theonen,,Vorstus,,,,
Amriath,Brencis,Chatara,Demitra,Evani,,Glaynes,Hutchin,,Jovena,Kinither,Lugo,Melosia,Nordmuth,,,,Rithrop,Shaybara,Theophania,,Vossen,,,,
Amusis,Brenett,Chathin,Demmeris,Evenwood,,Glendaloth,Hutirel,,Jovenne,Kinthar,Luiren,Melotaph,Nordreisa,,,,Ritiik,Shaydor,Thera,,Vosti,,,,
Amywiel,Brennac,Chaulssin,Demophon,Evereska,,Glendower,Huyana,,Jovetny,Kinuthia,Lukela,Melrick,Norenna,,,,Ritul,Shazzellim,Therianaixius,,Voula,,,,
Anafiel,Brenner,Chaya,Demos,Evin,,Glenia,Hyalmar,,Jovica,Kinvelthus,Lukina,Melsany,Norfeolt,,,,Ritwik,Sheevis,Theriss,,Vraekor,,,,
Anaga,Brenos,Chayle,Demtra,Evithyan,,Glianal,Hyden,,Joya,Kiomara,Lulea,Melusina,Noria,,,,Rivalin,Shehariah,Thermasia,,Vraliss,,,,
Anaharath,Briah,Chedena,Denak,Eydis,,Glina,Hyeric,,Joylin,Kiondra,Lulthiss,Melza,Noriel,,,,Rivenarra,Sheikh,Therol,,Vrask,,,,
Anait,Brielbara,Cheladorn,Deneb,Ezrella,,Glindir,Hylan,,Jozeran,Kionea,Luminitsa,Membricus,Norinum,,,,Rivenstone,Shekinester,Therosa,,Vrushali,,,,
Ananda,Brielle,Chelan,Denestan,,,Glitz,Hymeria,,Jubal,Kiplo,Lundgren,Memmess,Norlo,,,,Rivi,Shela,Thersos,,Vunoon,,,,
Anaphia,Brienne,Cheliax,Denin,,,Gloam,Hyne,,Judelissa,Kiral,Luremus,Memmon,Normund,,,,Rivka,Shelandra,Thesal,,Vycaena,,,,
Anastria,Briente,Chelish,Denissa,,,Glorindel,Hyria,,Judelka,Kirath,Luriella,Menardi,Nornagrym,,,,Rivkah,Shelgarn,Thessalia,,Vykmon,,,,
Anath,Brightbeard,Chemis,Denley,,,Gloris,Hyron,,Judene,Kircen,Lurraiza,Mencel,Noro,,,,Riyaz,Sheliano,Thessaloni,,Vyrania,,,,
Anatolia,Brightblade,Chemosh,Dennett,,,Glyndowr,Hystis,,Judson,Kirian,Lusaka,Mendoline,Norona,,,,Riza,Shelwen,Thessla,,Vyrica,,,,
Anauria,Brightshield,Chenzira,Denovaris,,,Glyrddan,Hyzer,,Juhniel,Kiriki,Lusia,Menelaus,Norred,,,,Rizona,Shelyn,Thetalia,,Vyrmas,,,,
Ancasta,Brilash,Chergoua,Denric,,,Gnaash,Hyziel,,Jujika,Kiril,Lusselyn,Menesant,Norval,,,,Roanna,Shemesh,Thiandra,,Vyset,,,,
Ancona,Brilmara,Chermosk,Denya,,,Gnaceus,,,Julhan,Kirith,Lustrog,Meniadh,Norvella,,,,Robaire,Shemoskarn,Thiasus,,Vyshak,,,,
Andakilsa,Briniel,Chernin,Deofrit,,,Gnarus,,,Julissa,Kisara,Lutalo,Menri,Norvin,,,,Robigus,Shemov,Thidus,,Vyus,,,,
Andalen,Brinlemund,Cheruu,Deola,,,Goblincrusher,,,Julix,Kisen,Lutherum,Mera,Norward,,,,Rodas,Shenir,Thiellyan,,,,,,
Andalor,Brinthia,Chesagol,Deorwald,,,Goerl,,,Julka,Kishana,Lutzaen,Meradwyn,Norwena,,,,Rodoffin,Shenock,Thila,,,,,,
Andalusa,Briona,Cheslav,Derathar,,,Goetia,,,Julnar,Kissia,Luxus,Merald,Noryn,,,,Rodric,Sherra,Thilena,,,,,,
Andara,Brithmaur,Cheston,Derenda,,,Goewin,,,Juma,Kithas,Lya,Mercia,Norzaidi,,,,Roen,Sherudon,Thilik,,,,,,
Andarys,Brodgar,Chevoor,Derestine,,,Goffar,,,Jumala,Kitira,Lycaphra,Mercott,Norzalhk,,,,Roendra,Shesara,Thillunrian,,,,,,
Andeis,Brogach,Chiara,Derex,,,Goibhnu,,,Jumanah,Kitisha,Lyceam,Merdecia,Noshen,,,,Roham,Shevarra,Thiralas,,,,,,
Andor,Brolla,Chiedu,Derfel,,,Gokulnath,,,Jumar,Kitrea,Lymond,Merdigan,Noster,,,,Roku,Shez,Thirza,,,,,,
Andrani,Brondarin,Chilak,Dergin,,,Golarin,,,Juni,Kitron,Lynal,Meredath,Nothnarg,,,,Rolan,Shia,Thocus,,,,,,
Andreana,Bronin,Chilash,Deriel,,,Goldenbeard,,,Junlan,Kiva,Lyndelendo,Meren,Notley,,,,Rolda,Shidara,Tholan,,,,,,
Andrelion,Bronnia,Chione,Dernhelm,,,Goldenblade,,,Junya,Kivan,Lyndrea,Mergoda,Noubar,,,,Rolerick,Shieldsplitter,Tholdengild,,,,,,
Andrelo,Bronwen,Chira,Dernis,,,Goldenhammer,,,Jurdman,Kiyomi,Lynneth,Meriam,Noura,,,,Rolo,Shiera,Tholie,,,,,,
Andris,Broton,Chiros,Derogna,,,Goldenshield,,,Jurek,Kizil,Lynoure,Meriammae,Novine,,,,Rolstom,Shilah,Tholqra,,,,,,
Andronus,Brouthod,Chirranirr,Derollan,,,Goldmarrow,,,Jurith,Kizzaf,Lyrice,Merian,Novomira,,,,Romuel,Shilandra,Thombrum,,,,,,
Andule,Browd,Chiru,Derratikus,,,Golenta,,,Jurrolos,Kjell,Lyrina,Merigo,Nox,,,,Rona,Shimmaryn,Thongar,,,,,,
Andvari,Brug,Chitira,Derthennes,,,Golgomath,,,Jutoris,Klaram,Lyrune,Meristaak,Nozomi,,,,Rond,Shinantra,Thonolan,,,,,,
Anfiel,Brugar,Chlodalin,Dervala,,,Golgoti,,,Jylresa,Klarens,Lysirial,Meriuset,Nozria,,,,Rondo,Shinare,Thonolia,,,,,,
Angelar,Brunn,Chora,Dervich,,,Golia,,,Jyotindra,Klarisna,Lysono,Merna,Nuala,,,,Roniran,Shinkicker,Thonwan,,,,,,
Angharad,Brurek,Chradon,Desaivenkata,,,Golo,,,Jysla,Klaven,Lyssintra,Meronia,Nuala,,,,Roquito,Shinoras,Thoran,,,,,,
Angiris,Brusco,Chronias,Desala,,,Golora,,,,Klax,Lythrana,Merranyth,Nuelavi,,,,Rora,Shipra,Thorash,,,,,,
Anglean,Bruten,Chuff,Desalen,,,Golthain,,,,Klazarr,Lytsong,Merredin,Nuinqa,,,,Rorent,Shir,Thordis,,,,,,
Angrael,Bruthwol,Chuna,Desara,,,Golya,,,,Kleb,Lyundra,Merrin,Nuitari,,,,Rorick,Shiriq,Thoricia,,,,,,
Angrar,Brynda,Chuyo,Desba,,,Gopal,,,,Klennald,,Mervic,Nular,,,,Rortan,Shiroda,Thorik,,,,,,
Angrule,Brynnlaw,Chyrk,Desh,,,Goqua,,,,Klepp,,Merynda,Nulathae,,,,Roscic,Shivet,Thorin,,,,,,
Anhaedra,Brysa,Chzandra,Desimar,,,Goralus,,,,Kleva,,Mesembria,Nuleno,,,,Rosha,Shohab,Thorir,,,,,,
Anhardd,Buleath,Cianni,Desley,,,Goras,,,,Klikita,,Meserach,Numestra,,,,Roshario,Shoikan,Thorlak,,,,,,
Aniari,Bunag,Ciaran,Desma,,,Gordan,,,,Klinta,,Mesi,Nunzio,,,,Rosherren,Shoon,Thornber,,,,,,
Aniel,Burgell,Ciba,Desmera,,,Gordesh,,,,Klisfurnim,,Messakk,Nura,,,,Roshna,Shotheri,Thorog,,,,,,
Anise,Burgrum,Cibald,Desna,,,Goren,,,,Klorel,,Messalo,Nurbis,,,,Roshure,Shotherra,Thorolf,,,,,,
Anishta,Burnel,Cibant,Despina,,,Gorgrael,,,,Kluver,,Mestil,Nureldin,,,,Rosmer,Shra,Thorona,,,,,,
Anitra,Buthek,Cicerenna,Desreta,,,Gorion,,,,Klynkrith,,Metaneira,Nurhaisa,,,,Rossan,Shreekah,Thoros,,,,,,
Anjana,Byiak,Cidulla,Dessa,,,Goris,,,,Klytal,,Methena,Nuri,,,,Rossano,Shuly,Thoros,,,,,,
Ankara,Bynarr,Cielo,Dessetra,,,Gorken,,,,Kobus,,Methild,Nurintha,,,,Rossella,Shundar,Thorqua,,,,,,
Annora,Bynothas,Cileera,Destan,,,Gorlas,,,,Kofte,,Methneen,Nurion,,,,Rosskeen,Shura,Thorsdottir,,,,,,
Annulus,,Cilidarius,Destrios,,,Gorlaung,,,,Kogagad,,Methven,Nurith,,,,Rosstan,Shyla,Thoumma,,,,,,
Anokatos,,Cillian,Dethas,,,Gormagog,,,,Kohl,,Metron,Nurjehan,,,,Rotessa,Sian,Thouria,,,,,,
Anolda,,Cinadon,Detho,,,Gormoth,,,,Kolja,,Metzen,Nurul,,,,Rothar,Sibervas,Thrade,,,,,,
Anred,,Cindra,Dethyra,,,Gorrenet,,,,Kolkis,,Meyra,Nutan,,,,Rothos,Sibyline,Thradulf,,,,,,
Ansgar,,Cinerxes,Detus,,,Gorstalia,,,,Kolmac,,Mezel,Nvima,,,,Rotsa,Sicarius,Thrasynos,,,,,,
Anshurr,,Cinnard,Deucalion,,,Gortan,,,,Komai,,Mezro,Nyahl,,,,Rotwald,Siccifus,Throme,,,,,,
Answen,,Cinwyll,Devadarshan,,,Gorth,,,,Konala,,Mezzara,Nyambe,,,,Roubik,Siddal,Thropo,,,,,,
Antal,,Cinyras,Devadatta,,,Gorvon,,,,Kontar,,Mhaerthorn,Nyanza,,,,Rouella,Sidimir,Thuba,,,,,,
Anteaus,,Cirdan,Devae,,,Govannon,,,,Koraz,,Mhaorathil,Nyask,,,,Rouen,Sidonia,Thulkas,,,,,,
Antek,,Cirelle,Devecia,,,Gowen,,,,Kordel,,Mharcis,Nyatar,,,,Routly,Sieber,Thullos,,,,,,
Antigonus,,Cirenzo,Deveny,,,Gowron,,,,Koreas,,Mholomi,Nybor,,,,Rovana,Siger,Thulmarra,,,,,,
Antoria,,Ciressa,Deverin,,,Gozal,,,,Korek,,Micheri,Nycanora,,,,Rove,Sigholt,Thulwar,,,,,,
Antos,,Cirollenus,Devora,,,Grabthroat,,,,Korenda,,Micon,Nychyaella,,,,Roven,Sigra,Thummim,,,,,,
Anwon,,Cirvlon,Dewara,,,Graelin,,,,Koresh,,Midir,Nycia,,,,Rovere,Sihtric,Thundaril,,,,,,
Anwyr,,Cithaeron,Dexion,,,Graem,,,,Korgunard,,Midoryn,Nydas,,,,Rovilla,Siina,Thurisa,,,,,,
Anzar,,Citrine,Dexius,,,Graeme,,,,Koriko,,Miel,Nydelthia,,,,Rovina,Sikklos,Thurl,,,,,,
Aothar,,Citronella,Dhaivat,,,Grak,,,,Koron,,Mierani,Nyden,,,,Rowan,Sil,Thurwin,,,,,,
Aowyr,,Civet,Dhakos,,,Gramgrun,,,,Korothir,,Mierest,Nydos,,,,Rowyll,Silath,Thusha,,,,,,
Aphrista,,Clagius,Dhalmass,,,Gramlin,,,,Korr,,Migan,Nydrea,,,,Rox,Silett,Thya,,,,,,
Aporos,,Clariel,Dhulark,,,Grandy,,,,Korrast,,Migdala,Nygon,,,,Royden,Siljan,Thymraeceus,,,,,,
Apule,,Clava,Dhyana,,,Grania,,,,Korrigan,,Mihr,Nygren,,,,Roynell,Silmathiel,Thyris,,,,,,
Arabel,,Cleas,Dialia,,,Grarldan,,,,Korvosa,,Mika,Nyjala,,,,Rualadeen,Silmiela,Thyrza,,,,,,
Arachin,,Clellister,Diallah,,,Grastagon,,,,Koryn,,Miklos,Nykemia,,,,Ruathym,Silnara,Thystram,,,,,,
Araekor,,Clendon,Diamabel,,,Grastar,,,,Kosef,,Miktyr,Nykia,,,,Rudra,Silonar,Tiada,,,,,,
Arael,,Cleona,Dielle,,,Grastian,,,,Kosgrim,,Milaine,Nyla,,,,Ruehar,Siloros,Tiadaros,,,,,,
Aramantus,,Cletayne,Diera,,,Grawen,,,,Kostas,,Milana,Nyloth,,,,Ruen,Silton,Tian,,,,,,
Aramite,,Clibania,Dilcia,,,Graydon,,,,Kostchtchie,,Mildendo,Nym,,,,Rufo,Silussa,Tiaret,,,,,,
Arandur,,Clithe,Dilmun,,,Graymark,,,,Kotha,,Mileria,Nymar,,,,Ruggio,Silvara,Tiax,,,,,,
Arathor,,Cloanne,Diltreth,,,Grazdan,,,,Kourosh,,Mileth,Nymella,,,,Ruha,Silverbeard,Tibbetts,,,,,,
Aravel,,Clovaldo,Dima,,,Grazelle,,,,Kova,,Milez,Nymeria,,,,Rulast,Silverblade,Tiboneus,,,,,,
Arawyn,,Clunwawl,Dimmu,,,Gregoric,,,,Koveras,,Miliden,Nymia,,,,Rulgin,Silverhorn,Ticnerani,,,,,,
Arbalia,,Clyton,Dindrane,,,Gregos,,,,Kozel,,Milindeera,Nymyrra,,,,Rulman,Silvershield,Tifalius,,,,,,
Arbane,,Codgan,Dinoryn,,,Grelif,,,,Kozora,,Millias,Nyota,,,,Rulonda,Silverstrike,Tika,,,,,,
Arbolyte,,Coe,Diomedes,,,Grelyn,,,,Krace,,Millig,Nyra,,,,Rulva,Silvius,Tildoma,,,,,,
Arbos,,Coel,Dirinka,,,Gretek,,,,Kragnar,,Milmar,Nyralim,,,,Rumiel,Simarka,Tilera,,,,,,
Arcas,,Cointaker,Diriya,,,Grevo,,,,Krana,,Milovan,Nyree,,,,Rumiko,Simiris,Tiloch,,,,,,
Arcen,,Coleth,Disnov,,,Grevonica,,,,Krance,,Milran,Nyris,,,,Runae,Simurgh,Timaia,,,,,,
Archaenassa,,Colgomere,Divantia,,,Grex,,,,Krangath,,Milsantos,Nyrria,,,,Runcel,Sindair,Timandra,,,,,,
Archean,,Collazo,Djara,,,Grian,,,,Krast,,Mimura,Nyson,,,,Rundaulus,Sindara,Timarchos,,,,,,
Archveult,,Colm,Djaris,,,Grianiel,,,,Krazos,,Minaret,Nystrum,,,,Runoel,Sink,Timias,,,,,,
Ardagundus,,Colmarr,Djavan,,,Griddlebone,,,,Kreighton,,Mindirae,Nytera,,,,Rupin,Sinnatha,Timor,,,,,,
Ardan,,Comitia,Dmeshia,,,Gridhan,,,,Krelios,,Minoru,Nze,,,,Rurto,Sinyalla,Timoteo,,,,,,
Ardeen,,Comnall,Doane,,,Grigor,,,,Krellick,,Minos,,,,,Rusandra,Siobhan,Timoth,,,,,,
Ardella,,Conemus,Doban,,,Grildas,,,,Kren,,Minsc,,,,,Rusheda,Siovron,Timozel,,,,,,
Ardemun,,Connington,Dobin,,,Grilion,,,,Kriane,,Minshak,,,,,Rushton,Sira,Tinalis,,,,,,
Ardenor,,Connovar,Dodek,,,Grillricas,,,,Krillus,,Minya,,,,,Rusindo,Siran,Tine,,,,,,
Arding,,Convik,Dodona,,,Grima,,,,Krim,,Miodrag,,,,,Ruslana,Sircyn,Tinuviel,,,,,,
Ardra,,Corabella,Dokiel,,,Grimlight,,,,Krimmri,,Mira,,,,,Rustan,Sirdan,Tionele,,,,,,
Areg,,Coran,Dolabria,,,Grimwald,,,,Krisak,,Miralem,,,,,Rutana,Siriendra,Tiranoth,,,,,,
Arella,,Coran,Dolendo,,,Gritha,,,,Kriya,,Miralidon,,,,,Rutesh,Sirrion,Tiranuil,,,,,,
Arethi,,Corbray,Dolmed,,,Grobaras,,,,Kronar,,Miralul,,,,,Rutger,Sistoni,Tiress,,,,,,
Arethusa,,Cordai,Domago,,,Grobler,,,,Krosset,,Mirdle,,,,,Rutmar,Sistus,Tiriala,,,,,,
Aretos,,Cordesh,Donall,,,Grolantor,,,,Krylac,,Mirdromel,,,,,Ruulam,Sitina,Tirza,,,,,,
Arezu,,Corean,Donatien,,,Groleo,,,,Kryphus,,Mirdu,,,,,Ruvelio,Sivan,Titarion,,,,,,
Arfox,,Corend,Doness,,,Grolshar,,,,Krystus,,Mirek,,,,,Ruven,Sivvlur,Tiva,,,,,,
Argante,,Coriana,Dongaill,,,Gromek,,,,Krywood,,Mirelidia,,,,,Ruxton,Skain,Tivona,,,,,,
Argeia,,Corinth,Doniphos,,,Grondyn,,,,Kuann,,Mirella,,,,,Rybrin,Skalanx,Tivvian,,,,,,
Argen,,Corishali,Donnelar,,,Grostliam,,,,Kuhn,,Miren,,,,,Rydag,Skaldor,Tiya,,,,,,
Argine,,Coriss,Donoagi,,,Grulka,,,,Kulanor,,Mirendandra,,,,,Rydia,Skanda,Tiyet,,,,,,
Argul,,Corkaury,Dontos,,,Grundava,,,,Kulbir,,Mireya,,,,,Ryella,Skara,Tlaco,,,,,,
Argyth,,Corlandrion,Dorala,,,Gruunor,,,,Kuldeep,,Miriam,,,,,Ryfoss,Skawae,Tlana,,,,,,
Ariadne,,Corliss,Doraldo,,,Grybek,,,,Kulder,,Mirielle,,,,,Rygel,Skeetul,Tobelo,,,,,,
Ariane,,Cormac,Dorcorian,,,Gryfflet,,,,Kulenov,,Mirin,,,,,Rylan,Skeld,Tobit,,,,,,
Arick,,Cormyra,Dordrien,,,Gryon,,,,Kulmoris,,Mirique,,,,,Ryld,Skelli,Tofic,,,,,,
Arien,,Coroleas,Dorgan,,,Guarionex,,,,Kulnichar,,Mirja,,,,,Ryliira,Skellian,Togh,,,,,,
Arigal,,Coronal,Dorisa,,,Guarlan,,,,Kulria,,Mirka,,,,,Rylock,Skirrak,Tola,,,,,,
Arilath,,Coros,Dorjan,,,Gudelia,,,,Kulver,,Mirla,,,,,Ryltar,Sklar,Tolard,,,,,,
Arim,,Corot,Dorna,,,Guenele,,,,Kumar,,Mirlande,,,,,Rylva,Skoan,Tolek,,,,,,
Arion,,Correg,Dorothir,,,Guian,,,,Kunjal,,Mirniman,,,,,Rynn,Skoria,Tolgerias,,,,,,
Ariope,,Corsini,Dorothis,,,Guian,,,,Kunthea,,Miro,,,,,Rynthia,Skoriaan,Tolinev,,,,,,
Arismal,,Corszen,Dorough,,,Gula,,,,Kura,,Mirta,,,,,Ryohko,Skoric,Tolvise,,,,,,
Aristomachos,,Corusk,Doruzed,,,Gulara,,,,Kuroth,,Mirza,,,,,Ryoka,Skoryx,Tomar,,,,,,
Ariston,,Corvis,Dorvayn,,,Gulec,,,,Kushagra,,Mirzzen,,,,,Rysanna,Skosana,Tomasi,,,,,,
Arkhod,,Corwon,Doschama,,,Gulshan,,,,Kushk,,Misael,,,,,Ryssa,Skrael,Tomek,,,,,,
Arkhosia,,Cosme,Dosova,,,Gulvinys,,,,Kusuma,,Mishkov,,,,,Rythorn,Skraeth,Tomin,,,,,,
Arktos,,Costayne,Dotan,,,Gulyas,,,,Kuswanto,,Miska,,,,,Ryuvik,Skurp,Tomojak,,,,,,
Arkwright,,Courdan,Dottir,,,Gumesindo,,,,Kwera,,Missathac,,,,,Ryvette,Sladjana,Tomorast,,,,,,
Arkyn,,Courynn,Dovev,,,Gundarak,,,,Kyala,,Mistelle,,,,,Ryvin,Slakthor,Tondriel,,,,,,
Arlana,,Courynna,Dowager,,,Gundluru,,,,Kyaris,,Mithalvarin,,,,,,Sleeba,Tonen,,,,,,
Arleand,,Covelo,Dower,,,Gundron,,,,Kybal,,Mithcal,,,,,,Slingsby,Tonkin,,,,,,
Arlin,,Craemmol,Dowthe,,,Gundrothu,,,,Kydian,,Mitheus,,,,,,Sluttergut,Tonwald,,,,,,
Arlogh,,Cragus,Drachys,,,Gunenthran,,,,Kyena,,Mittwoch,,,,,,Sluvina,Toomey,,,,,,
Armandek,,Crand,Drada,,,Gunnar,,,,Kyiana,,Mitya,,,,,,Slythus,Toraq,,,,,,
Armida,,Cranwyn,Drael,,,Gunov,,,,Kylira,,Miyana,,,,,,Smitesh,Torbett,,,,,,
Arminta,,Cras,Dragana,,,Guntar,,,,Kylona,,Miyeritar,,,,,,Smytron,Tordan,,,,,,
Armuna,,Cray,Dragathil,,,Guoxia,,,,Kylos,,Mizar,,,,,,Solan,Torga,,,,,,
Arnthora,,Creax,Dragonthorne,,,Gurang,,,,Kynda,,Mizzrym,,,,,,Solana,Torgou,,,,,,
Arny,,Creb,Drakar,,,Gurgan,,,,Kynthia,,Moac,,,,,,Soldekai,Toriano,,,,,,
Arobar,,Credia,Drakin,,,Guriman,,,,Kyphanta,,Moadine,,,,,,Solea,Torin,,,,,,
Aroden,,Creighton,Drakov,,,Gurski,,,,Kypri,,Moana,,,,,,Solenzara,Torisk,,,,,,
Arolinde,,Cremnain,Dralas,,,Gurudath,,,,Kyralyn,,Moazam,,,,,,Solis,Torlo,,,,,,
Arolme,,Crespo,Dralasca,,,Gurza,,,,Kyredos,,Mobin,,,,,,Sollio,Torloch,,,,,,
Arrak,,Cressa,Dranith,,,Guth,,,,Kyriel,,Mochan,,,,,,Solmish,Torman,,,,,,
Arridad,,Cressen,Dranzorg,,,Gwalchmai,,,,Kyros,,Moclyss,,,,,,Solomnent,Torneo,,,,,,
Arrille,,Cressen,Draren,,,Gwange,,,,Kyrran,,Moddasir,,,,,,Soloraus,Toros,,,,,,
Arshav,,Creth,Drash,,,Gwastl,,,,Kysus,,Modeko,,,,,,Solvadale,Torren,,,,,,
Arsidus,,Creylen,Draskilion,,,Gweis,,,,,,Modena,,,,,,Soma,Torretta,,,,,,
Arslan,,Cridan,Drasus,,,Gwenna,,,,,,Modessa,,,,,,Somel,Torshorak,,,,,,
Artan,,Criet,Draupnir,,,Gwennoan,,,,,,Modugno,,,,,,Somos,Torvin,,,,,,
Artego,,Crilgarin,Drava,,,Gwillon,,,,,,Moges,,,,,,Sondal,Tostig,,,,,,
Artelas,,Crimmor,Draylind,,,Gwindor,,,,,,Moglas,,,,,,Songtorn,Tosya,,,,,,
Arten,,Crinishod,Dreagus,,,Gwint,,,,,,Mohana,,,,,,Sophaeno,Totnes,,,,,,
Artha,,Criston,Dreayth,,,Gwiraa,,,,,,Mohapatra,,,,,,Sophronan,Totugo,,,,,,
Arthagall,,Crius,Dreddle,,,Gwyn,,,,,,Mohd,,,,,,Sopsek,Tounclare,,,,,,
Arthegal,,Crobbel,Drefan,,,Gwythyn,,,,,,Moiragh,,,,,,Soraya,Tovag,,,,,,
Artilia,,Crocus,Drekkon,,,Gylharen,,,,,,Mojgan,,,,,,Sorella,Traen,,,,,,
Artivio,,Crommach,Drel,,,Gymox,,,,,,Mokagkt,,,,,,Soren,Traian,,,,,,
Artor,,Cronan,Drelaseth,,,Gythiom,,,,,,Mokrane,,,,,,Soretyo,Traldar,,,,,,
Arumdina,,Cronberg,Drelb,,,,,,,,,Moktar,,,,,,Sorezen,Tralen,,,,,,
Arundel,,Crosse,Drelik,,,,,,,,,Moldolph,,,,,,Soris,Tran,,,,,,
Arvan,,Crowmist,Drelsin,,,,,,,,,Molitor,,,,,,Sorli,Travell,,,,,,
Arvandor,,Crozie,Dremmeris,,,,,,,,,Molkar,,,,,,Sorn,Traven,,,,,,
Arveene,,Csaba,Drendari,,,,,,,,,Mollana,,,,,,Sorsha,Treager,,,,,,
Arvel,,Csalan,Dresele,,,,,,,,,Mollem,,,,,,Sorush,Trelditha,,,,,,
Arvia,,Csindrila,Drevion,,,,,,,,,Mollos,,,,,,Sotana,Tremona,,,,,,
Arviden,,Csittanko,Drevnar,,,,,,,,,Molong,,,,,,Sottilde,Trendan,,,,,,
Aryn,,Cudzu,Drewet,,,,,,,,,Molonna,,,,,,Soudana,Trenin,,,,,,
Arzail,,Culd,Drexel,,,,,,,,,Molorio,,,,,,Soulenai,Trianda,,,,,,
Asdrorien,,Cullum,Driadore,,,,,,,,,Molydeus,,,,,,Sova,Triel,,,,,,
Aseir,,Culumaire,Driander,,,,,,,,,Momar,,,,,,Sovann,Trienn,,,,,,
Asenath,,Curdon,Driend,,,,,,,,,Monali,,,,,,Sovor,Triggoin,,,,,,
Asfollen,,Curia,Drilenis,,,,,,,,,Moncef,,,,,,Sowki,Trinette,,,,,,
Ashakar,,Curran,Drille,,,,,,,,,Mondasso,,,,,,Sparte,Tristessa,,,,,,
Ashald,,Cutter,Drinar,,,,,,,,,Mondraia,,,,,,Spinel,Trivarian,,,,,,
Ashara,,Cwell,Dris,,,,,,,,,Mondro,,,,,,Spinyon,Troa,,,,,,
Ashdod,,Cyf,Drisana,,,,,,,,,Monford,,,,,,Sprek,Troppenribb,,,,,,
Ashdown,,Cylethor,Driscoll,,,,,,,,,Monro,,,,,,Ssrith,Trotula,,,,,,
Ashling,,Cyllene,Drisisnil,,,,,,,,,Montainel,,,,,,Staciel,Troven,,,,,,
Ashmeddai,,Cymnia,Drivous,,,,,,,,,Montaron,,,,,,Stalexia,Troyes,,,,,,
Ashralaam,,Cymoril,Drogo,,,,,,,,,Montavia,,,,,,Stalsis,Troyven,,,,,,
Askam,,Cymrillian,Drokkus,,,,,,,,,Montaz,,,,,,Stalt,Trueaxe,,,,,,
Askel,,Cynara,Drona,,,,,,,,,Mora,,,,,,Stebic,Trueblade,,,,,,
Asmiak,,Cynesige,Droncain,,,,,,,,,Morain,,,,,,Steelshadow,Truehammer,,,,,,
Assaracus,,Cynoora,Drost,,,,,,,,,Moranar,,,,,,Stellan,Trueshield,,,,,,
Assirari,,Cynric,Druekin,,,,,,,,,Morasha,,,,,,Stesha,Tsalaroth,,,,,,
Astarra,,Cynthoria,Druena,,,,,,,,,Morcane,,,,,,Stigand,Tsirana,,,,,,
Asterion,,Cynyr,Drunlo,,,,,,,,,Morcar,,,,,,Stleen,Tsitra,,,,,,
Astragalus,,Cyra,Druse,,,,,,,,,Morciana,,,,,,Stoan,Tsiya,,,,,,
Astron,,Cyrila,Drusion,,,,,,,,,Mordent,,,,,,Stollos,Tual,,,,,,
Aszrad,,Cyrillus,Druuth,,,,,,,,,Mordi,,,,,,Stoneblade,Tuenna,,,,,,
Atala,,Cythera,Druxus,,,,,,,,,Mordien,,,,,,Stonecrusher,Tuerny,,,,,,
Atemae,,Cytorak,Dryaalis,,,,,,,,,Morelia,,,,,,Stonehaul,Tufala,,,,,,
Athchos,,Cytos,Duar,,,,,,,,,Morenia,,,,,,Stoneshield,Tuivoreth,,,,,,
Athelm,,,Duessa,,,,,,,,,Morevo,,,,,,Stonethrower,Tuka,,,,,,
Atherton,,,Dugald,,,,,,,,,Morgance,,,,,,Strand,Tulah,,,,,,
Athren,,,Dugbo,,,,,,,,,Morganer,,,,,,Straton,Tulie,,,,,,
Athrys,,,Dukhar,,,,,,,,,Moria,,,,,,Strellop,Tulrun,,,,,,
Athtor,,,Duklos,,,,,,,,,Morieth,,,,,,Striv,Tupan,,,,,,
Athyn,,,Dulama,,,,,,,,,Moriloth,,,,,,Stronmaus,Turantharaxus,,,,,,
Atieh,,,Dulan,,,,,,,,,Morkan,,,,,,Struam,Tureen,,,,,,
Atlak,,,Dulcimae,,,,,,,,,Morla,,,,,,Strybele,Turghan,,,,,,
Atrina,,,Dulnea,,,,,,,,,Mormhaor,,,,,,Sturla,Turgny,,,,,,
Atrium,,,Dulonar,,,,,,,,,Moros,,,,,,Stweeb,Turia,,,,,,
Attaroa,,,Dulsaer,,,,,,,,,Morriblu,,,,,,Suadela,Turlough,,,,,,
Aubaureer,,,Duluth,,,,,,,,,Morsallus,,,,,,Sucheera,Turon,,,,,,
Aubric,,,Duma,,,,,,,,,Morthin,,,,,,Sudeik,Turrelm,,,,,,
Auden,,,Dunaver,,,,,,,,,Morthon,,,,,,Sudi,Turros,,,,,,
Audern,,,Dunbar,,,,,,,,,Mortwick,,,,,,Sugorna,Tursla,,,,,,
Audraine,,,Dunbert,,,,,,,,,Morven,,,,,,Sula,Tusmit,,,,,,
Audrianna,,,Dundragon,,,,,,,,,Morvian,,,,,,Sulanok,Tuveso,,,,,,
Augra,,,Dunkley,,,,,,,,,Morvik,,,,,,Suldanessellar,Tuvinius,,,,,,
Auguhol,,,Dunrone,,,,,,,,,Moryson,,,,,,Suleiman,Tvashtri,,,,,,
Aulaire,,,Durbin,,,,,,,,,Mosmira,,,,,,Sulhaut,Tverny,,,,,,
Aulunmar,,,Durclan,,,,,,,,,Mosstone,,,,,,Sulmish,Tyburn,,,,,,
Aulwyr,,,Dureel,,,,,,,,,Motopua,,,,,,Sulward,Tychagar,,,,,,
Aumanil,,,Durhan,,,,,,,,,Mottul,,,,,,Sumpko,Tyermaillin,,,,,,
Aurek,,,Duril,,,,,,,,,Moughal,,,,,,Sumyr,Tyranicus,,,,,,
Aurelio,,,Durimal,,,,,,,,,Mourgos,,,,,,Suna,Tyravel,,,,,,
Aurikallos,,,Durin,,,,,,,,,Mourgram,,,,,,Sungaea,Tyrisa,,,,,,
Aurnic,,,Durnik,,,,,,,,,Mourngrym,,,,,,Sunhilda,Tyrre,,,,,,
Auroch,,,Durwood,,,,,,,,,Movis,,,,,,Sunitra,Tyrus,,,,,,
Austilan,,,Dusya,,,,,,,,,Mudo,,,,,,Sunniva,Tyseia,,,,,,
Autorian,,,Duvamil,,,,,,,,,Muhar,,,,,,Sunsoar,Tzalice,,,,,,
Auvidarus,,,Duvessa,,,,,,,,,Muhil,,,,,,Suntrana,Tzaravich,,,,,,
Auzerais,,,Dvora,,,,,,,,,Mukesh,,,,,,Surdulica,,,,,,,
Avahir,,,Dvorak,,,,,,,,,Mulia,,,,,,Suron,,,,,,,
Avaldamon,,,Dy'neer,,,,,,,,,Mulpet,,,,,,Sustarre,,,,,,,
Avanoa,,,Dy'nesend,,,,,,,,,Multane,,,,,,Suulka,,,,,,,
Avaron,,,Dydyn,,,,,,,,,Multrax,,,,,,Suzerain,,,,,,,
Avaxa,,,Dyerwaen,,,,,,,,,Mulugeta,,,,,,Svanhildur,,,,,,,
Avel,,,Dymia,,,,,,,,,Muluken,,,,,,Svarog,,,,,,,
Avendera,,,Dynaheir,,,,,,,,,Munar,,,,,,Svati,,,,,,,
Avernus,,,Dynnwel,,,,,,,,,Mungle,,,,,,Sveri,,,,,,,
Aviatrix,,,Dynos,,,,,,,,,Munira,,,,,,Sveta,,,,,,,
Avicenna,,,Dyrbos,,,,,,,,,Muntasir,,,,,,Svetomir,,,,,,,
Avilondra,,,Dyren,,,,,,,,,Munuren,,,,,,Swe,,,,,,,
Avir,,,Dyvim,,,,,,,,,Munzer,,,,,,Sydanus,,,,,,,
Avramson,,,Dzondria,,,,,,,,,Murberias,,,,,,Syhana,,,,,,,
Avrubel,,,,,,,,,,,,Murdagh,,,,,,Syitheus,,,,,,,
Ayiana,,,,,,,,,,,,Murdaugh,,,,,,Sykerylor,,,,,,,
Aylara,,,,,,,,,,,,Murdoc,,,,,,Sylgan,,,,,,,
Aylomen,,,,,,,,,,,,Murex,,,,,,Syllareta,,,,,,,
Ayzle,,,,,,,,,,,,Murgol,,,,,,Sylvana,,,,,,,
Azden,,,,,,,,,,,,Murgoth,,,,,,Symrustar,,,,,,,
Azhure,,,,,,,,,,,,Murithi,,,,,,Synduil,,,,,,,
Azla,,,,,,,,,,,,Murkle,,,,,,Synnoria,,,,,,,
Azlaer,,,,,,,,,,,,Mursal,,,,,,Syrah,,,,,,,
Azle,,,,,,,,,,,,Murshed,,,,,,Syranita,,,,,,,
Azmira,,,,,,,,,,,,Murtosa,,,,,,Syroth,,,,,,,
Aznar,,,,,,,,,,,,Murugan,,,,,,Sythaeryn,,,,,,,
Azonia,,,,,,,,,,,,Murugesh,,,,,,Sythsillis,,,,,,,
Azoth,,,,,,,,,,,,Murunay,,,,,,Szalmiys,,,,,,,
Azra,,,,,,,,,,,,Murville,,,,,,Szanto,,,,,,,
Azzedar,,,,,,,,,,,,Murvoma,,,,,,Szapora,,,,,,,
,,,,,,,,,,,,Murya,,,,,,Szollos,,,,,,,
,,,,,,,,,,,,Musa,,,,,,Szordrin,,,,,,,
,,,,,,,,,,,,Musenda,,,,,,,,,,,,,
,,,,,,,,,,,,Musiri,,,,,,,,,,,,,
,,,,,,,,,,,,Muthanna,,,,,,,,,,,,,
,,,,,,,,,,,,Muxos,,,,,,,,,,,,,
,,,,,,,,,,,,Muya,,,,,,,,,,,,,
,,,,,,,,,,,,Mycale,,,,,,,,,,,,,
,,,,,,,,,,,,Myddin,,,,,,,,,,,,,
,,,,,,,,,,,,Myfa,,,,,,,,,,,,,
,,,,,,,,,,,,Myghal,,,,,,,,,,,,,
,,,,,,,,,,,,Mykret,,,,,,,,,,,,,
,,,,,,,,,,,,Mylene,,,,,,,,,,,,,
,,,,,,,,,,,,Myracel,,,,,,,,,,,,,
,,,,,,,,,,,,Myranica,,,,,,,,,,,,,
,,,,,,,,,,,,Myrdon,,,,,,,,,,,,,
,,,,,,,,,,,,Myrio,,,,,,,,,,,,,
,,,,,,,,,,,,Myristyl,,,,,,,,,,,,,
,,,,,,,,,,,,Myrka,,,,,,,,,,,,,
,,,,,,,,,,,,Myrlande,,,,,,,,,,,,,
,,,,,,,,,,,,Myrlyn,,,,,,,,,,,,,
,,,,,,,,,,,,Myrmia,,,,,,,,,,,,,
,,,,,,,,,,,,Myrna,,,,,,,,,,,,,
,,,,,,,,,,,,Myrrha,,,,,,,,,,,,,
,,,,,,,,,,,,Myrrine,,,,,,,,,,,,,
,,,,,,,,,,,,Myrskyla,,,,,,,,,,,,,
,,,,,,,,,,,,Myrymma,,,,,,,,,,,,,
,,,,,,,,,,,,Myshella,,,,,,,,,,,,,
,,,,,,,,,,,,Mysia,,,,,,,,,,,,,
,,,,,,,,,,,,Mythany,,,,,,,,,,,,,
,,,,,,,,,,,,Mythrellaa,,,,,,,,,,,,,
,,,,,,,,,,,,Myzo,,,,,,,,,,,,,